/*
Navicat MySQL Data Transfer

Source Server         : Carlos
Source Server Version : 50624
Source Host           : localhost:3306
Source Database       : pse

Target Server Type    : MYSQL
Target Server Version : 50624
File Encoding         : 65001

Date: 2016-12-17 08:50:16
*/

SET FOREIGN_KEY_CHECKS=0;

-- ----------------------------
-- Table structure for `actividades`
-- ----------------------------
DROP TABLE IF EXISTS `actividades`;
CREATE TABLE `actividades` (
  `id` int(11) NOT NULL AUTO_INCREMENT,
  `nombre` varchar(255) DEFAULT NULL,
  `id_escenario` int(11) DEFAULT NULL,
  PRIMARY KEY (`id`),
  KEY `escenario` (`id_escenario`),
  CONSTRAINT `actividades_ibfk_1` FOREIGN KEY (`id_escenario`) REFERENCES `escenarios` (`id`)
) ENGINE=InnoDB DEFAULT CHARSET=latin1;

-- ----------------------------
-- Records of actividades
-- ----------------------------

-- ----------------------------
-- Table structure for `alertas`
-- ----------------------------
DROP TABLE IF EXISTS `alertas`;
CREATE TABLE `alertas` (
  `id` int(11) NOT NULL AUTO_INCREMENT,
  `mensaje` varchar(255) DEFAULT NULL,
  `id_usuario` varchar(255) DEFAULT NULL,
  `id_prestamo` int(11) DEFAULT NULL,
  PRIMARY KEY (`id`),
  KEY `id_usuario` (`id_usuario`),
  KEY `id_prestamo` (`id_prestamo`),
  CONSTRAINT `alertas_ibfk_1` FOREIGN KEY (`id_usuario`) REFERENCES `usuarios` (`id`),
  CONSTRAINT `alertas_ibfk_2` FOREIGN KEY (`id_prestamo`) REFERENCES `prestamos` (`id`)
) ENGINE=InnoDB DEFAULT CHARSET=latin1;

-- ----------------------------
-- Records of alertas
-- ----------------------------

-- ----------------------------
-- Table structure for `ciudad`
-- ----------------------------
DROP TABLE IF EXISTS `ciudad`;
CREATE TABLE `ciudad` (
  `id` varchar(255) NOT NULL,
  `nombre` varchar(255) DEFAULT NULL,
  `id_departamento` varchar(255) DEFAULT NULL,
  PRIMARY KEY (`id`),
  KEY `id_departamento` (`id_departamento`),
  CONSTRAINT `ciudad_ibfk_1` FOREIGN KEY (`id_departamento`) REFERENCES `departamento` (`id`)
) ENGINE=InnoDB DEFAULT CHARSET=latin1;

-- ----------------------------
-- Records of ciudad
-- ----------------------------
INSERT INTO `ciudad` VALUES ('11001', 'BOGOTÁ', '11');
INSERT INTO `ciudad` VALUES ('13001', 'CARTAGENA', '13');
INSERT INTO `ciudad` VALUES ('13006', 'ACHÍ', '13');
INSERT INTO `ciudad` VALUES ('13030', 'ALTOS DEL ROSARIO', '13');
INSERT INTO `ciudad` VALUES ('13042', 'ARENAL', '13');
INSERT INTO `ciudad` VALUES ('13052', 'ARJONA', '13');
INSERT INTO `ciudad` VALUES ('13062', 'ARROYOHONDO', '13');
INSERT INTO `ciudad` VALUES ('13074', 'BARRANCO DE LOBA', '13');
INSERT INTO `ciudad` VALUES ('13140', 'CALAMAR', '13');
INSERT INTO `ciudad` VALUES ('13160', 'CANTAGALLO', '13');
INSERT INTO `ciudad` VALUES ('13188', 'CICUCO', '13');
INSERT INTO `ciudad` VALUES ('13212', 'CÓRDOBA', '13');
INSERT INTO `ciudad` VALUES ('13222', 'CLEMENCIA', '13');
INSERT INTO `ciudad` VALUES ('13244', 'EL CARMEN DE BOLÍVAR', '13');
INSERT INTO `ciudad` VALUES ('13248', 'EL GUAMO', '13');
INSERT INTO `ciudad` VALUES ('13268', 'EL PEÑÓN', '13');
INSERT INTO `ciudad` VALUES ('13300', 'HATILLO DE LOBA', '13');
INSERT INTO `ciudad` VALUES ('13430', 'MAGANGUÉ', '13');
INSERT INTO `ciudad` VALUES ('13433', 'MAHATES', '13');
INSERT INTO `ciudad` VALUES ('13440', 'MARGARITA', '13');
INSERT INTO `ciudad` VALUES ('13442', 'MARÍA LA BAJA', '13');
INSERT INTO `ciudad` VALUES ('13458', 'MONTECRISTO', '13');
INSERT INTO `ciudad` VALUES ('13468', 'MOMPÓS', '13');
INSERT INTO `ciudad` VALUES ('13473', 'MORALES', '13');
INSERT INTO `ciudad` VALUES ('13549', 'PINILLOS', '13');
INSERT INTO `ciudad` VALUES ('13580', 'REGIDOR', '13');
INSERT INTO `ciudad` VALUES ('13600', 'RÍO VIEJO', '13');
INSERT INTO `ciudad` VALUES ('13620', 'SAN CRISTÓBAL', '13');
INSERT INTO `ciudad` VALUES ('13647', 'SAN ESTANISLAO', '13');
INSERT INTO `ciudad` VALUES ('13650', 'SAN FERNANDO', '13');
INSERT INTO `ciudad` VALUES ('13654', 'SAN JACINTO', '13');
INSERT INTO `ciudad` VALUES ('13655', 'SAN JACINTO DEL CAUCA', '13');
INSERT INTO `ciudad` VALUES ('13657', 'SAN JUAN NEPOMUCENO', '13');
INSERT INTO `ciudad` VALUES ('13667', 'SAN MARTÍN DE LOBA', '13');
INSERT INTO `ciudad` VALUES ('13670', 'SAN PABLO', '13');
INSERT INTO `ciudad` VALUES ('13673', 'SANTA CATALINA', '13');
INSERT INTO `ciudad` VALUES ('13683', 'SANTA ROSA', '13');
INSERT INTO `ciudad` VALUES ('13688', 'SANTA ROSA DEL SUR', '13');
INSERT INTO `ciudad` VALUES ('13744', 'SIMITÍ', '13');
INSERT INTO `ciudad` VALUES ('13760', 'SOPLAVIENTO', '13');
INSERT INTO `ciudad` VALUES ('13780', 'TALAIGUA NUEVO', '13');
INSERT INTO `ciudad` VALUES ('13810', 'TIQUISIO', '13');
INSERT INTO `ciudad` VALUES ('13836', 'TURBACO', '13');
INSERT INTO `ciudad` VALUES ('13838', 'TURBANÁ', '13');
INSERT INTO `ciudad` VALUES ('13873', 'VILLANUEVA', '13');
INSERT INTO `ciudad` VALUES ('13894', 'ZAMBRANO', '13');
INSERT INTO `ciudad` VALUES ('15001', 'TUNJA', '15');
INSERT INTO `ciudad` VALUES ('15022', 'ALMEIDA', '15');
INSERT INTO `ciudad` VALUES ('15047', 'AQUITANIA', '15');
INSERT INTO `ciudad` VALUES ('15051', 'ARCABUCO', '15');
INSERT INTO `ciudad` VALUES ('15087', 'BELÉN', '15');
INSERT INTO `ciudad` VALUES ('15090', 'BERBEO', '15');
INSERT INTO `ciudad` VALUES ('15092', 'BETÉITIVA', '15');
INSERT INTO `ciudad` VALUES ('15097', 'BOAVITA', '15');
INSERT INTO `ciudad` VALUES ('15104', 'BOYACÁ', '15');
INSERT INTO `ciudad` VALUES ('15106', 'BRICEÑO', '15');
INSERT INTO `ciudad` VALUES ('15109', 'BUENAVISTA', '15');
INSERT INTO `ciudad` VALUES ('15114', 'BUSBANZÁ', '15');
INSERT INTO `ciudad` VALUES ('15131', 'CALDAS', '15');
INSERT INTO `ciudad` VALUES ('15135', 'CAMPOHERMOSO', '15');
INSERT INTO `ciudad` VALUES ('15162', 'CERINZA', '15');
INSERT INTO `ciudad` VALUES ('15172', 'CHINAVITA', '15');
INSERT INTO `ciudad` VALUES ('15176', 'CHIQUINQUIRÁ', '15');
INSERT INTO `ciudad` VALUES ('15180', 'CHISCAS', '15');
INSERT INTO `ciudad` VALUES ('15183', 'CHITA', '15');
INSERT INTO `ciudad` VALUES ('15185', 'CHITARAQUE', '15');
INSERT INTO `ciudad` VALUES ('15187', 'CHIVATÁ', '15');
INSERT INTO `ciudad` VALUES ('15189', 'CIÉNEGA', '15');
INSERT INTO `ciudad` VALUES ('15204', 'CÓMBITA', '15');
INSERT INTO `ciudad` VALUES ('15212', 'COPER', '15');
INSERT INTO `ciudad` VALUES ('15215', 'CORRALES', '15');
INSERT INTO `ciudad` VALUES ('15218', 'COVARACHÍA', '15');
INSERT INTO `ciudad` VALUES ('15223', 'CUBARÁ', '15');
INSERT INTO `ciudad` VALUES ('15224', 'CUCAITA', '15');
INSERT INTO `ciudad` VALUES ('15226', 'CUÍTIVA', '15');
INSERT INTO `ciudad` VALUES ('15232', 'CHÍQUIZA', '15');
INSERT INTO `ciudad` VALUES ('15236', 'CHIVOR', '15');
INSERT INTO `ciudad` VALUES ('15238', 'DUITAMA', '15');
INSERT INTO `ciudad` VALUES ('15244', 'EL COCUY', '15');
INSERT INTO `ciudad` VALUES ('15248', 'EL ESPINO', '15');
INSERT INTO `ciudad` VALUES ('15272', 'FIRAVITOBA', '15');
INSERT INTO `ciudad` VALUES ('15276', 'FLORESTA', '15');
INSERT INTO `ciudad` VALUES ('15293', 'GACHANTIVÁ', '15');
INSERT INTO `ciudad` VALUES ('15296', 'GAMEZA', '15');
INSERT INTO `ciudad` VALUES ('15299', 'GARAGOA', '15');
INSERT INTO `ciudad` VALUES ('15317', 'GUACAMAYAS', '15');
INSERT INTO `ciudad` VALUES ('15322', 'GUATEQUE', '15');
INSERT INTO `ciudad` VALUES ('15325', 'GUAYATÁ', '15');
INSERT INTO `ciudad` VALUES ('15332', 'GÜICÁN', '15');
INSERT INTO `ciudad` VALUES ('15362', 'IZA', '15');
INSERT INTO `ciudad` VALUES ('15367', 'JENESANO', '15');
INSERT INTO `ciudad` VALUES ('15368', 'JERICÓ', '15');
INSERT INTO `ciudad` VALUES ('15377', 'LABRANZAGRANDE', '15');
INSERT INTO `ciudad` VALUES ('15380', 'LA CAPILLA', '15');
INSERT INTO `ciudad` VALUES ('15401', 'LA VICTORIA', '15');
INSERT INTO `ciudad` VALUES ('15403', 'LA UVITA', '15');
INSERT INTO `ciudad` VALUES ('15407', 'VILLA DE LEYVA', '15');
INSERT INTO `ciudad` VALUES ('15425', 'MACANAL', '15');
INSERT INTO `ciudad` VALUES ('15442', 'MARIPÍ', '15');
INSERT INTO `ciudad` VALUES ('15455', 'MIRAFLORES', '15');
INSERT INTO `ciudad` VALUES ('15464', 'MONGUA', '15');
INSERT INTO `ciudad` VALUES ('15466', 'MONGUÍ', '15');
INSERT INTO `ciudad` VALUES ('15469', 'MONIQUIRÁ', '15');
INSERT INTO `ciudad` VALUES ('15476', 'MOTAVITA', '15');
INSERT INTO `ciudad` VALUES ('15480', 'MUZO', '15');
INSERT INTO `ciudad` VALUES ('15491', 'NOBSA', '15');
INSERT INTO `ciudad` VALUES ('15494', 'NUEVO COLÓN', '15');
INSERT INTO `ciudad` VALUES ('15500', 'OICATÁ', '15');
INSERT INTO `ciudad` VALUES ('15507', 'OTANCHE', '15');
INSERT INTO `ciudad` VALUES ('15511', 'PACHAVITA', '15');
INSERT INTO `ciudad` VALUES ('15514', 'PÁEZ', '15');
INSERT INTO `ciudad` VALUES ('15516', 'PAIPA', '15');
INSERT INTO `ciudad` VALUES ('15518', 'PAJARITO', '15');
INSERT INTO `ciudad` VALUES ('15522', 'PANQUEBA', '15');
INSERT INTO `ciudad` VALUES ('15531', 'PAUNA', '15');
INSERT INTO `ciudad` VALUES ('15533', 'PAYA', '15');
INSERT INTO `ciudad` VALUES ('15537', 'PAZ DE RÍO', '15');
INSERT INTO `ciudad` VALUES ('15542', 'PESCA', '15');
INSERT INTO `ciudad` VALUES ('15550', 'PISBA', '15');
INSERT INTO `ciudad` VALUES ('15572', 'PUERTO BOYACÁ', '15');
INSERT INTO `ciudad` VALUES ('15580', 'QUÍPAMA', '15');
INSERT INTO `ciudad` VALUES ('15599', 'RAMIRIQUÍ', '15');
INSERT INTO `ciudad` VALUES ('15600', 'RÁQUIRA', '15');
INSERT INTO `ciudad` VALUES ('15621', 'RONDÓN', '15');
INSERT INTO `ciudad` VALUES ('15632', 'SABOYÁ', '15');
INSERT INTO `ciudad` VALUES ('15638', 'SÁCHICA', '15');
INSERT INTO `ciudad` VALUES ('15646', 'SAMACÁ', '15');
INSERT INTO `ciudad` VALUES ('15660', 'SAN EDUARDO', '15');
INSERT INTO `ciudad` VALUES ('15664', 'SAN JOSÉ DE PARE', '15');
INSERT INTO `ciudad` VALUES ('15667', 'SAN LUIS DE GACENO', '15');
INSERT INTO `ciudad` VALUES ('15673', 'SAN MATEO', '15');
INSERT INTO `ciudad` VALUES ('15676', 'SAN MIGUEL DE SEMA', '15');
INSERT INTO `ciudad` VALUES ('15681', 'SAN PABLO DE BORBUR', '15');
INSERT INTO `ciudad` VALUES ('15686', 'SANTANA', '15');
INSERT INTO `ciudad` VALUES ('15690', 'SANTA MARÍA', '15');
INSERT INTO `ciudad` VALUES ('15693', 'SANTA ROSA DE VITERBO', '15');
INSERT INTO `ciudad` VALUES ('15696', 'SANTA SOFÍA', '15');
INSERT INTO `ciudad` VALUES ('15720', 'SATIVANORTE', '15');
INSERT INTO `ciudad` VALUES ('15723', 'SATIVASUR', '15');
INSERT INTO `ciudad` VALUES ('15740', 'SIACHOQUE', '15');
INSERT INTO `ciudad` VALUES ('15753', 'SOATÁ', '15');
INSERT INTO `ciudad` VALUES ('15755', 'SOCOTÁ', '15');
INSERT INTO `ciudad` VALUES ('15757', 'SOCHA', '15');
INSERT INTO `ciudad` VALUES ('15759', 'SOGAMOSO', '15');
INSERT INTO `ciudad` VALUES ('15761', 'SOMONDOCO', '15');
INSERT INTO `ciudad` VALUES ('15762', 'SORA', '15');
INSERT INTO `ciudad` VALUES ('15763', 'SOTAQUIRÁ', '15');
INSERT INTO `ciudad` VALUES ('15764', 'SORACÁ', '15');
INSERT INTO `ciudad` VALUES ('15774', 'SUSACÓN', '15');
INSERT INTO `ciudad` VALUES ('15776', 'SUTAMARCHÁN', '15');
INSERT INTO `ciudad` VALUES ('15778', 'SUTATENZA', '15');
INSERT INTO `ciudad` VALUES ('15790', 'TASCO', '15');
INSERT INTO `ciudad` VALUES ('15798', 'TENZA', '15');
INSERT INTO `ciudad` VALUES ('15804', 'TIBANÁ', '15');
INSERT INTO `ciudad` VALUES ('15806', 'TIBASOSA', '15');
INSERT INTO `ciudad` VALUES ('15808', 'TINJACÁ', '15');
INSERT INTO `ciudad` VALUES ('15810', 'TIPACOQUE', '15');
INSERT INTO `ciudad` VALUES ('15814', 'TOCA', '15');
INSERT INTO `ciudad` VALUES ('15816', 'TOGÜÍ', '15');
INSERT INTO `ciudad` VALUES ('15820', 'TÓPAGA', '15');
INSERT INTO `ciudad` VALUES ('15822', 'TOTA', '15');
INSERT INTO `ciudad` VALUES ('15832', 'TUNUNGUÁ', '15');
INSERT INTO `ciudad` VALUES ('15835', 'TURMEQUÉ', '15');
INSERT INTO `ciudad` VALUES ('15837', 'TUTA', '15');
INSERT INTO `ciudad` VALUES ('15839', 'TUTAZÁ', '15');
INSERT INTO `ciudad` VALUES ('15842', 'UMBITA', '15');
INSERT INTO `ciudad` VALUES ('15861', 'VENTAQUEMADA', '15');
INSERT INTO `ciudad` VALUES ('15879', 'VIRACACHÁ', '15');
INSERT INTO `ciudad` VALUES ('15897', 'ZETAQUIRA', '15');
INSERT INTO `ciudad` VALUES ('17001', 'MANIZALES', '17');
INSERT INTO `ciudad` VALUES ('17013', 'AGUADAS', '17');
INSERT INTO `ciudad` VALUES ('17042', 'ANSERMA', '17');
INSERT INTO `ciudad` VALUES ('17050', 'ARANZAZU', '17');
INSERT INTO `ciudad` VALUES ('17088', 'BELALCÁZAR', '17');
INSERT INTO `ciudad` VALUES ('17174', 'CHINCHINÁ', '17');
INSERT INTO `ciudad` VALUES ('17272', 'FILADELFIA', '17');
INSERT INTO `ciudad` VALUES ('17380', 'LA DORADA', '17');
INSERT INTO `ciudad` VALUES ('17388', 'LA MERCED', '17');
INSERT INTO `ciudad` VALUES ('17433', 'MANZANARES', '17');
INSERT INTO `ciudad` VALUES ('17442', 'MARMATO', '17');
INSERT INTO `ciudad` VALUES ('17444', 'MARQUETALIA', '17');
INSERT INTO `ciudad` VALUES ('17446', 'MARULANDA', '17');
INSERT INTO `ciudad` VALUES ('17486', 'NEIRA', '17');
INSERT INTO `ciudad` VALUES ('17495', 'NORCASIA', '17');
INSERT INTO `ciudad` VALUES ('17513', 'PÁCORA', '17');
INSERT INTO `ciudad` VALUES ('17524', 'PALESTINA', '17');
INSERT INTO `ciudad` VALUES ('17541', 'PENSILVANIA', '17');
INSERT INTO `ciudad` VALUES ('17614', 'RIOSUCIO', '17');
INSERT INTO `ciudad` VALUES ('17616', 'RISARALDA', '17');
INSERT INTO `ciudad` VALUES ('17653', 'SALAMINA', '17');
INSERT INTO `ciudad` VALUES ('17662', 'SAMANÁ', '17');
INSERT INTO `ciudad` VALUES ('17665', 'SAN JOSÉ', '17');
INSERT INTO `ciudad` VALUES ('17777', 'SUPÍA', '17');
INSERT INTO `ciudad` VALUES ('17867', 'VICTORIA', '17');
INSERT INTO `ciudad` VALUES ('17873', 'VILLAMARÍA', '17');
INSERT INTO `ciudad` VALUES ('17877', 'VITERBO', '17');
INSERT INTO `ciudad` VALUES ('18001', 'FLORENCIA', '18');
INSERT INTO `ciudad` VALUES ('18029', 'ALBANIA', '18');
INSERT INTO `ciudad` VALUES ('18094', 'BELÉN DE LOS ANDAQUIES', '18');
INSERT INTO `ciudad` VALUES ('18150', 'CARTAGENA DEL CHAIRÁ', '18');
INSERT INTO `ciudad` VALUES ('18205', 'CURILLO', '18');
INSERT INTO `ciudad` VALUES ('18247', 'EL DONCELLO', '18');
INSERT INTO `ciudad` VALUES ('18256', 'EL PAUJIL', '18');
INSERT INTO `ciudad` VALUES ('18410', 'LA MONTAÑITA', '18');
INSERT INTO `ciudad` VALUES ('18460', 'MILÁN', '18');
INSERT INTO `ciudad` VALUES ('18479', 'MORELIA', '18');
INSERT INTO `ciudad` VALUES ('18592', 'PUERTO RICO', '18');
INSERT INTO `ciudad` VALUES ('18610', 'SAN JOSÉ DEL FRAGUA', '18');
INSERT INTO `ciudad` VALUES ('18753', 'SAN VICENTE DEL CAGUÁN', '18');
INSERT INTO `ciudad` VALUES ('18756', 'SOLANO', '18');
INSERT INTO `ciudad` VALUES ('18785', 'SOLITA', '18');
INSERT INTO `ciudad` VALUES ('18860', 'VALPARAÍSO', '18');
INSERT INTO `ciudad` VALUES ('19001', 'POPAYÁN', '19');
INSERT INTO `ciudad` VALUES ('19022', 'ALMAGUER', '19');
INSERT INTO `ciudad` VALUES ('19050', 'ARGELIA', '19');
INSERT INTO `ciudad` VALUES ('19075', 'BALBOA', '19');
INSERT INTO `ciudad` VALUES ('19100', 'BOLÍVAR', '19');
INSERT INTO `ciudad` VALUES ('19110', 'BUENOS AIRES', '19');
INSERT INTO `ciudad` VALUES ('19130', 'CAJIBÍO', '19');
INSERT INTO `ciudad` VALUES ('19137', 'CALDONO', '19');
INSERT INTO `ciudad` VALUES ('19142', 'CALOTO', '19');
INSERT INTO `ciudad` VALUES ('19212', 'CORINTO', '19');
INSERT INTO `ciudad` VALUES ('19256', 'EL TAMBO', '19');
INSERT INTO `ciudad` VALUES ('19290', 'FLORENCIA', '19');
INSERT INTO `ciudad` VALUES ('19318', 'GUAPI', '19');
INSERT INTO `ciudad` VALUES ('19355', 'INZÁ', '19');
INSERT INTO `ciudad` VALUES ('19364', 'JAMBALÓ', '19');
INSERT INTO `ciudad` VALUES ('19392', 'LA SIERRA', '19');
INSERT INTO `ciudad` VALUES ('19397', 'LA VEGA', '19');
INSERT INTO `ciudad` VALUES ('19418', 'LÓPEZ', '19');
INSERT INTO `ciudad` VALUES ('19450', 'MERCADERES', '19');
INSERT INTO `ciudad` VALUES ('19455', 'MIRANDA', '19');
INSERT INTO `ciudad` VALUES ('19473', 'MORALES', '19');
INSERT INTO `ciudad` VALUES ('19513', 'PADILLA', '19');
INSERT INTO `ciudad` VALUES ('19517', 'PAEZ', '19');
INSERT INTO `ciudad` VALUES ('19532', 'PATÍA', '19');
INSERT INTO `ciudad` VALUES ('19533', 'PIAMONTE', '19');
INSERT INTO `ciudad` VALUES ('19548', 'PIENDAMÓ', '19');
INSERT INTO `ciudad` VALUES ('19573', 'PUERTO TEJADA', '19');
INSERT INTO `ciudad` VALUES ('19585', 'PURACÉ', '19');
INSERT INTO `ciudad` VALUES ('19622', 'ROSAS', '19');
INSERT INTO `ciudad` VALUES ('19693', 'SAN SEBASTIÁN', '19');
INSERT INTO `ciudad` VALUES ('19698', 'SANTANDER DE QUILICHAO', '19');
INSERT INTO `ciudad` VALUES ('19701', 'SANTA ROSA', '19');
INSERT INTO `ciudad` VALUES ('19743', 'SILVIA', '19');
INSERT INTO `ciudad` VALUES ('19760', 'SOTARA', '19');
INSERT INTO `ciudad` VALUES ('19780', 'SUÁREZ', '19');
INSERT INTO `ciudad` VALUES ('19785', 'SUCRE', '19');
INSERT INTO `ciudad` VALUES ('19807', 'TIMBÍO', '19');
INSERT INTO `ciudad` VALUES ('19809', 'TIMBIQUÍ', '19');
INSERT INTO `ciudad` VALUES ('19821', 'TORIBIO', '19');
INSERT INTO `ciudad` VALUES ('19824', 'TOTORÓ', '19');
INSERT INTO `ciudad` VALUES ('19845', 'VILLA RICA', '19');
INSERT INTO `ciudad` VALUES ('20001', 'VALLEDUPAR', '20');
INSERT INTO `ciudad` VALUES ('20011', 'AGUACHICA', '20');
INSERT INTO `ciudad` VALUES ('20013', 'AGUSTÍN CODAZZI', '20');
INSERT INTO `ciudad` VALUES ('20032', 'ASTREA', '20');
INSERT INTO `ciudad` VALUES ('20045', 'BECERRIL', '20');
INSERT INTO `ciudad` VALUES ('20060', 'BOSCONIA', '20');
INSERT INTO `ciudad` VALUES ('20175', 'CHIMICHAGUA', '20');
INSERT INTO `ciudad` VALUES ('20178', 'CHIRIGUANÁ', '20');
INSERT INTO `ciudad` VALUES ('20228', 'CURUMANÍ', '20');
INSERT INTO `ciudad` VALUES ('20238', 'EL COPEY', '20');
INSERT INTO `ciudad` VALUES ('20250', 'EL PASO', '20');
INSERT INTO `ciudad` VALUES ('20295', 'GAMARRA', '20');
INSERT INTO `ciudad` VALUES ('20310', 'GONZÁLEZ', '20');
INSERT INTO `ciudad` VALUES ('20383', 'LA GLORIA', '20');
INSERT INTO `ciudad` VALUES ('20400', 'LA JAGUA DE IBIRICO', '20');
INSERT INTO `ciudad` VALUES ('20443', 'MANAURE', '20');
INSERT INTO `ciudad` VALUES ('20517', 'PAILITAS', '20');
INSERT INTO `ciudad` VALUES ('20550', 'PELAYA', '20');
INSERT INTO `ciudad` VALUES ('20570', 'PUEBLO BELLO', '20');
INSERT INTO `ciudad` VALUES ('20614', 'RÍO DE ORO', '20');
INSERT INTO `ciudad` VALUES ('20621', 'LA PAZ', '20');
INSERT INTO `ciudad` VALUES ('20710', 'SAN ALBERTO', '20');
INSERT INTO `ciudad` VALUES ('20750', 'SAN DIEGO', '20');
INSERT INTO `ciudad` VALUES ('20770', 'SAN MARTÍN', '20');
INSERT INTO `ciudad` VALUES ('20787', 'TAMALAMEQUE', '20');
INSERT INTO `ciudad` VALUES ('23001', 'MONTERÍA', '23');
INSERT INTO `ciudad` VALUES ('23068', 'AYAPEL', '23');
INSERT INTO `ciudad` VALUES ('23079', 'BUENAVISTA', '23');
INSERT INTO `ciudad` VALUES ('23090', 'CANALETE', '23');
INSERT INTO `ciudad` VALUES ('23162', 'CERETÉ', '23');
INSERT INTO `ciudad` VALUES ('23168', 'CHIMÁ', '23');
INSERT INTO `ciudad` VALUES ('23182', 'CHINÚ', '23');
INSERT INTO `ciudad` VALUES ('23189', 'CIÉNAGA DE ORO', '23');
INSERT INTO `ciudad` VALUES ('23300', 'COTORRA', '23');
INSERT INTO `ciudad` VALUES ('23350', 'LA APARTADA', '23');
INSERT INTO `ciudad` VALUES ('23417', 'LORICA', '23');
INSERT INTO `ciudad` VALUES ('23419', 'LOS CÓRDOBAS', '23');
INSERT INTO `ciudad` VALUES ('23464', 'MOMIL', '23');
INSERT INTO `ciudad` VALUES ('23466', 'MONTELÍBANO', '23');
INSERT INTO `ciudad` VALUES ('23500', 'MOÑITOS', '23');
INSERT INTO `ciudad` VALUES ('23555', 'PLANETA RICA', '23');
INSERT INTO `ciudad` VALUES ('23570', 'PUEBLO NUEVO', '23');
INSERT INTO `ciudad` VALUES ('23574', 'PUERTO ESCONDIDO', '23');
INSERT INTO `ciudad` VALUES ('23580', 'PUERTO LIBERTADOR', '23');
INSERT INTO `ciudad` VALUES ('23586', 'PURÍSIMA', '23');
INSERT INTO `ciudad` VALUES ('23660', 'SAHAGÚN', '23');
INSERT INTO `ciudad` VALUES ('23670', 'SAN ANDRÉS SOTAVENTO', '23');
INSERT INTO `ciudad` VALUES ('23672', 'SAN ANTERO', '23');
INSERT INTO `ciudad` VALUES ('23675', 'SAN BERNARDO DEL VIENTO', '23');
INSERT INTO `ciudad` VALUES ('23678', 'SAN CARLOS', '23');
INSERT INTO `ciudad` VALUES ('23686', 'SAN PELAYO', '23');
INSERT INTO `ciudad` VALUES ('23807', 'TIERRALTA', '23');
INSERT INTO `ciudad` VALUES ('23855', 'VALENCIA', '23');
INSERT INTO `ciudad` VALUES ('25001', 'AGUA DE DIOS', '25');
INSERT INTO `ciudad` VALUES ('25019', 'ALBÁN', '25');
INSERT INTO `ciudad` VALUES ('25035', 'ANAPOIMA', '25');
INSERT INTO `ciudad` VALUES ('25040', 'ANOLAIMA', '25');
INSERT INTO `ciudad` VALUES ('25053', 'ARBELÁEZ', '25');
INSERT INTO `ciudad` VALUES ('25086', 'BELTRÁN', '25');
INSERT INTO `ciudad` VALUES ('25095', 'BITUIMA', '25');
INSERT INTO `ciudad` VALUES ('25099', 'BOJACÁ', '25');
INSERT INTO `ciudad` VALUES ('25120', 'CABRERA', '25');
INSERT INTO `ciudad` VALUES ('25123', 'CACHIPAY', '25');
INSERT INTO `ciudad` VALUES ('25126', 'CAJICÁ', '25');
INSERT INTO `ciudad` VALUES ('25148', 'CAPARRAPÍ', '25');
INSERT INTO `ciudad` VALUES ('25151', 'CAQUEZA', '25');
INSERT INTO `ciudad` VALUES ('25154', 'CARMEN DE CARUPA', '25');
INSERT INTO `ciudad` VALUES ('25168', 'CHAGUANÍ', '25');
INSERT INTO `ciudad` VALUES ('25175', 'CHÍA', '25');
INSERT INTO `ciudad` VALUES ('25178', 'CHIPAQUE', '25');
INSERT INTO `ciudad` VALUES ('25181', 'CHOACHÍ', '25');
INSERT INTO `ciudad` VALUES ('25183', 'CHOCONTÁ', '25');
INSERT INTO `ciudad` VALUES ('25200', 'COGUA', '25');
INSERT INTO `ciudad` VALUES ('25214', 'COTA', '25');
INSERT INTO `ciudad` VALUES ('25224', 'CUCUNUBÁ', '25');
INSERT INTO `ciudad` VALUES ('25245', 'EL COLEGIO', '25');
INSERT INTO `ciudad` VALUES ('25258', 'EL PEÑÓN', '25');
INSERT INTO `ciudad` VALUES ('25260', 'EL ROSAL', '25');
INSERT INTO `ciudad` VALUES ('25269', 'FACATATIVÁ', '25');
INSERT INTO `ciudad` VALUES ('25279', 'FOMEQUE', '25');
INSERT INTO `ciudad` VALUES ('25281', 'FOSCA', '25');
INSERT INTO `ciudad` VALUES ('25286', 'FUNZA', '25');
INSERT INTO `ciudad` VALUES ('25288', 'FÚQUENE', '25');
INSERT INTO `ciudad` VALUES ('25290', 'FUSAGASUGÁ', '25');
INSERT INTO `ciudad` VALUES ('25293', 'GACHALA', '25');
INSERT INTO `ciudad` VALUES ('25295', 'GACHANCIPÁ', '25');
INSERT INTO `ciudad` VALUES ('25297', 'GACHETÁ', '25');
INSERT INTO `ciudad` VALUES ('25299', 'GAMA', '25');
INSERT INTO `ciudad` VALUES ('25307', 'GIRARDOT', '25');
INSERT INTO `ciudad` VALUES ('25312', 'GRANADA', '25');
INSERT INTO `ciudad` VALUES ('25317', 'GUACHETÁ', '25');
INSERT INTO `ciudad` VALUES ('25320', 'GUADUAS', '25');
INSERT INTO `ciudad` VALUES ('25322', 'GUASCA', '25');
INSERT INTO `ciudad` VALUES ('25324', 'GUATAQUÍ', '25');
INSERT INTO `ciudad` VALUES ('25326', 'GUATAVITA', '25');
INSERT INTO `ciudad` VALUES ('25328', 'GUAYABAL DE SIQUIMA', '25');
INSERT INTO `ciudad` VALUES ('25335', 'GUAYABETAL', '25');
INSERT INTO `ciudad` VALUES ('25339', 'GUTIÉRREZ', '25');
INSERT INTO `ciudad` VALUES ('25368', 'JERUSALÉN', '25');
INSERT INTO `ciudad` VALUES ('25372', 'JUNÍN', '25');
INSERT INTO `ciudad` VALUES ('25377', 'LA CALERA', '25');
INSERT INTO `ciudad` VALUES ('25386', 'LA MESA', '25');
INSERT INTO `ciudad` VALUES ('25394', 'LA PALMA', '25');
INSERT INTO `ciudad` VALUES ('25398', 'LA PEÑA', '25');
INSERT INTO `ciudad` VALUES ('25402', 'LA VEGA', '25');
INSERT INTO `ciudad` VALUES ('25407', 'LENGUAZAQUE', '25');
INSERT INTO `ciudad` VALUES ('25426', 'MACHETA', '25');
INSERT INTO `ciudad` VALUES ('25430', 'MADRID', '25');
INSERT INTO `ciudad` VALUES ('25436', 'MANTA', '25');
INSERT INTO `ciudad` VALUES ('25438', 'MEDINA', '25');
INSERT INTO `ciudad` VALUES ('25473', 'MOSQUERA', '25');
INSERT INTO `ciudad` VALUES ('25483', 'NARIÑO', '25');
INSERT INTO `ciudad` VALUES ('25486', 'NEMOCÓN', '25');
INSERT INTO `ciudad` VALUES ('25488', 'NILO', '25');
INSERT INTO `ciudad` VALUES ('25489', 'NIMAIMA', '25');
INSERT INTO `ciudad` VALUES ('25491', 'NOCAIMA', '25');
INSERT INTO `ciudad` VALUES ('25506', 'VENECIA', '25');
INSERT INTO `ciudad` VALUES ('25513', 'PACHO', '25');
INSERT INTO `ciudad` VALUES ('25518', 'PAIME', '25');
INSERT INTO `ciudad` VALUES ('25524', 'PANDI', '25');
INSERT INTO `ciudad` VALUES ('25530', 'PARATEBUENO', '25');
INSERT INTO `ciudad` VALUES ('25535', 'PASCA', '25');
INSERT INTO `ciudad` VALUES ('25572', 'PUERTO SALGAR', '25');
INSERT INTO `ciudad` VALUES ('25580', 'PULÍ', '25');
INSERT INTO `ciudad` VALUES ('25592', 'QUEBRADANEGRA', '25');
INSERT INTO `ciudad` VALUES ('25594', 'QUETAME', '25');
INSERT INTO `ciudad` VALUES ('25596', 'QUIPILE', '25');
INSERT INTO `ciudad` VALUES ('25599', 'APULO', '25');
INSERT INTO `ciudad` VALUES ('25612', 'RICAURTE', '25');
INSERT INTO `ciudad` VALUES ('25645', 'SAN ANTONIO DEL TEQUENDAM', '25');
INSERT INTO `ciudad` VALUES ('25649', 'SAN BERNARDO', '25');
INSERT INTO `ciudad` VALUES ('25653', 'SAN CAYETANO', '25');
INSERT INTO `ciudad` VALUES ('25658', 'SAN FRANCISCO', '25');
INSERT INTO `ciudad` VALUES ('25662', 'SAN JUAN DE RÍO SECO', '25');
INSERT INTO `ciudad` VALUES ('25718', 'SASAIMA', '25');
INSERT INTO `ciudad` VALUES ('25736', 'SESQUILÉ', '25');
INSERT INTO `ciudad` VALUES ('25740', 'SIBATÉ', '25');
INSERT INTO `ciudad` VALUES ('25743', 'SILVANIA', '25');
INSERT INTO `ciudad` VALUES ('25745', 'SIMIJACA', '25');
INSERT INTO `ciudad` VALUES ('25754', 'SOACHA', '25');
INSERT INTO `ciudad` VALUES ('25758', 'SOPÓ', '25');
INSERT INTO `ciudad` VALUES ('25769', 'SUBACHOQUE', '25');
INSERT INTO `ciudad` VALUES ('25772', 'SUESCA', '25');
INSERT INTO `ciudad` VALUES ('25777', 'SUPATÁ', '25');
INSERT INTO `ciudad` VALUES ('25779', 'SUSA', '25');
INSERT INTO `ciudad` VALUES ('25781', 'SUTATAUSA', '25');
INSERT INTO `ciudad` VALUES ('25785', 'TABIO', '25');
INSERT INTO `ciudad` VALUES ('25793', 'TAUSA', '25');
INSERT INTO `ciudad` VALUES ('25797', 'TENA', '25');
INSERT INTO `ciudad` VALUES ('25799', 'TENJO', '25');
INSERT INTO `ciudad` VALUES ('25805', 'TIBACUY', '25');
INSERT INTO `ciudad` VALUES ('25807', 'TIBIRITA', '25');
INSERT INTO `ciudad` VALUES ('25815', 'TOCAIMA', '25');
INSERT INTO `ciudad` VALUES ('25817', 'TOCANCIPÁ', '25');
INSERT INTO `ciudad` VALUES ('25823', 'TOPAIPÍ', '25');
INSERT INTO `ciudad` VALUES ('25839', 'UBALÁ', '25');
INSERT INTO `ciudad` VALUES ('25841', 'UBAQUE', '25');
INSERT INTO `ciudad` VALUES ('25843', 'VILLA DE SAN DIEGO DE UBA', '25');
INSERT INTO `ciudad` VALUES ('25845', 'UNE', '25');
INSERT INTO `ciudad` VALUES ('25851', 'ÚTICA', '25');
INSERT INTO `ciudad` VALUES ('25862', 'VERGARA', '25');
INSERT INTO `ciudad` VALUES ('25867', 'VIANÍ', '25');
INSERT INTO `ciudad` VALUES ('25871', 'VILLAGÓMEZ', '25');
INSERT INTO `ciudad` VALUES ('25873', 'VILLAPINZÓN', '25');
INSERT INTO `ciudad` VALUES ('25875', 'VILLETA', '25');
INSERT INTO `ciudad` VALUES ('25878', 'VIOTÁ', '25');
INSERT INTO `ciudad` VALUES ('25885', 'YACOPÍ', '25');
INSERT INTO `ciudad` VALUES ('25898', 'ZIPACÓN', '25');
INSERT INTO `ciudad` VALUES ('25899', 'ZIPAQUIRÁ', '25');
INSERT INTO `ciudad` VALUES ('27001', 'QUIBDÓ', '27');
INSERT INTO `ciudad` VALUES ('27006', 'ACANDÍ', '27');
INSERT INTO `ciudad` VALUES ('27025', 'ALTO BAUDO', '27');
INSERT INTO `ciudad` VALUES ('27050', 'ATRATO', '27');
INSERT INTO `ciudad` VALUES ('27073', 'BAGADÓ', '27');
INSERT INTO `ciudad` VALUES ('27075', 'BAHÍA SOLANO', '27');
INSERT INTO `ciudad` VALUES ('27077', 'BAJO BAUDÓ', '27');
INSERT INTO `ciudad` VALUES ('27086', 'BELÉN DE BAJIRÁ', '27');
INSERT INTO `ciudad` VALUES ('27099', 'BOJAYA', '27');
INSERT INTO `ciudad` VALUES ('27135', 'EL CANTÓN DEL SAN PABLO', '27');
INSERT INTO `ciudad` VALUES ('27150', 'CARMEN DEL DARIEN', '27');
INSERT INTO `ciudad` VALUES ('27160', 'CÉRTEGUI', '27');
INSERT INTO `ciudad` VALUES ('27205', 'CONDOTO', '27');
INSERT INTO `ciudad` VALUES ('27245', 'EL CARMEN DE ATRATO', '27');
INSERT INTO `ciudad` VALUES ('27250', 'EL LITORAL DEL SAN JUAN', '27');
INSERT INTO `ciudad` VALUES ('27361', 'ISTMINA', '27');
INSERT INTO `ciudad` VALUES ('27372', 'JURADÓ', '27');
INSERT INTO `ciudad` VALUES ('27413', 'LLORÓ', '27');
INSERT INTO `ciudad` VALUES ('27425', 'MEDIO ATRATO', '27');
INSERT INTO `ciudad` VALUES ('27430', 'MEDIO BAUDÓ', '27');
INSERT INTO `ciudad` VALUES ('27450', 'MEDIO SAN JUAN', '27');
INSERT INTO `ciudad` VALUES ('27491', 'NÓVITA', '27');
INSERT INTO `ciudad` VALUES ('27495', 'NUQUÍ', '27');
INSERT INTO `ciudad` VALUES ('27580', 'RÍO IRO', '27');
INSERT INTO `ciudad` VALUES ('27600', 'RÍO QUITO', '27');
INSERT INTO `ciudad` VALUES ('27615', 'RIOSUCIO', '27');
INSERT INTO `ciudad` VALUES ('27660', 'SAN JOSÉ DEL PALMAR', '27');
INSERT INTO `ciudad` VALUES ('27745', 'SIPÍ', '27');
INSERT INTO `ciudad` VALUES ('27787', 'TADÓ', '27');
INSERT INTO `ciudad` VALUES ('27800', 'UNGUÍA', '27');
INSERT INTO `ciudad` VALUES ('27810', 'UNIÓN PANAMERICANA', '27');
INSERT INTO `ciudad` VALUES ('41001', 'NEIVA', '41');
INSERT INTO `ciudad` VALUES ('41006', 'ACEVEDO', '41');
INSERT INTO `ciudad` VALUES ('41013', 'AGRADO', '41');
INSERT INTO `ciudad` VALUES ('41016', 'AIPE', '41');
INSERT INTO `ciudad` VALUES ('41020', 'ALGECIRAS', '41');
INSERT INTO `ciudad` VALUES ('41026', 'ALTAMIRA', '41');
INSERT INTO `ciudad` VALUES ('41078', 'BARAYA', '41');
INSERT INTO `ciudad` VALUES ('41132', 'CAMPOALEGRE', '41');
INSERT INTO `ciudad` VALUES ('41206', 'COLOMBIA', '41');
INSERT INTO `ciudad` VALUES ('41244', 'ELÍAS', '41');
INSERT INTO `ciudad` VALUES ('41298', 'GARZÓN', '41');
INSERT INTO `ciudad` VALUES ('41306', 'GIGANTE', '41');
INSERT INTO `ciudad` VALUES ('41319', 'GUADALUPE', '41');
INSERT INTO `ciudad` VALUES ('41349', 'HOBO', '41');
INSERT INTO `ciudad` VALUES ('41357', 'IQUIRA', '41');
INSERT INTO `ciudad` VALUES ('41359', 'ISNOS', '41');
INSERT INTO `ciudad` VALUES ('41378', 'LA ARGENTINA', '41');
INSERT INTO `ciudad` VALUES ('41396', 'LA PLATA', '41');
INSERT INTO `ciudad` VALUES ('41483', 'NÁTAGA', '41');
INSERT INTO `ciudad` VALUES ('41503', 'OPORAPA', '41');
INSERT INTO `ciudad` VALUES ('41518', 'PAICOL', '41');
INSERT INTO `ciudad` VALUES ('41524', 'PALERMO', '41');
INSERT INTO `ciudad` VALUES ('41530', 'PALESTINA', '41');
INSERT INTO `ciudad` VALUES ('41548', 'PITAL', '41');
INSERT INTO `ciudad` VALUES ('41551', 'PITALITO', '41');
INSERT INTO `ciudad` VALUES ('41615', 'RIVERA', '41');
INSERT INTO `ciudad` VALUES ('41660', 'SALADOBLANCO', '41');
INSERT INTO `ciudad` VALUES ('41668', 'SAN AGUSTÍN', '41');
INSERT INTO `ciudad` VALUES ('41676', 'SANTA MARÍA', '41');
INSERT INTO `ciudad` VALUES ('41770', 'SUAZA', '41');
INSERT INTO `ciudad` VALUES ('41791', 'TARQUI', '41');
INSERT INTO `ciudad` VALUES ('41797', 'TESALIA', '41');
INSERT INTO `ciudad` VALUES ('41799', 'TELLO', '41');
INSERT INTO `ciudad` VALUES ('41801', 'TERUEL', '41');
INSERT INTO `ciudad` VALUES ('41807', 'TIMANÁ', '41');
INSERT INTO `ciudad` VALUES ('41872', 'VILLAVIEJA', '41');
INSERT INTO `ciudad` VALUES ('41885', 'YAGUARÁ', '41');
INSERT INTO `ciudad` VALUES ('44001', 'RIOHACHA', '44');
INSERT INTO `ciudad` VALUES ('44035', 'ALBANIA', '44');
INSERT INTO `ciudad` VALUES ('44078', 'BARRANCAS', '44');
INSERT INTO `ciudad` VALUES ('44090', 'DIBULLA', '44');
INSERT INTO `ciudad` VALUES ('44098', 'DISTRACCIÓN', '44');
INSERT INTO `ciudad` VALUES ('44110', 'EL MOLINO', '44');
INSERT INTO `ciudad` VALUES ('44279', 'FONSECA', '44');
INSERT INTO `ciudad` VALUES ('44378', 'HATONUEVO', '44');
INSERT INTO `ciudad` VALUES ('44420', 'LA JAGUA DEL PILAR', '44');
INSERT INTO `ciudad` VALUES ('44430', 'MAICAO', '44');
INSERT INTO `ciudad` VALUES ('44560', 'MANAURE', '44');
INSERT INTO `ciudad` VALUES ('44650', 'SAN JUAN DEL CESAR', '44');
INSERT INTO `ciudad` VALUES ('44847', 'URIBIA', '44');
INSERT INTO `ciudad` VALUES ('44855', 'URUMITA', '44');
INSERT INTO `ciudad` VALUES ('44874', 'VILLANUEVA', '44');
INSERT INTO `ciudad` VALUES ('47001', 'SANTA MARTA', '47');
INSERT INTO `ciudad` VALUES ('47030', 'ALGARROBO', '47');
INSERT INTO `ciudad` VALUES ('47053', 'ARACATACA', '47');
INSERT INTO `ciudad` VALUES ('47058', 'ARIGUANÍ', '47');
INSERT INTO `ciudad` VALUES ('47161', 'CERRO SAN ANTONIO', '47');
INSERT INTO `ciudad` VALUES ('47170', 'CHIBOLO', '47');
INSERT INTO `ciudad` VALUES ('47189', 'CIÉNAGA', '47');
INSERT INTO `ciudad` VALUES ('47205', 'CONCORDIA', '47');
INSERT INTO `ciudad` VALUES ('47245', 'EL BANCO', '47');
INSERT INTO `ciudad` VALUES ('47258', 'EL PIÑON', '47');
INSERT INTO `ciudad` VALUES ('47268', 'EL RETÉN', '47');
INSERT INTO `ciudad` VALUES ('47288', 'FUNDACIÓN', '47');
INSERT INTO `ciudad` VALUES ('47318', 'GUAMAL', '47');
INSERT INTO `ciudad` VALUES ('47460', 'NUEVA GRANADA', '47');
INSERT INTO `ciudad` VALUES ('47541', 'PEDRAZA', '47');
INSERT INTO `ciudad` VALUES ('47545', 'PIJIÑO DEL CARMEN', '47');
INSERT INTO `ciudad` VALUES ('47551', 'PIVIJAY', '47');
INSERT INTO `ciudad` VALUES ('47555', 'PLATO', '47');
INSERT INTO `ciudad` VALUES ('47570', 'PUEBLOVIEJO', '47');
INSERT INTO `ciudad` VALUES ('47605', 'REMOLINO', '47');
INSERT INTO `ciudad` VALUES ('47660', 'SABANAS DE SAN ANGEL', '47');
INSERT INTO `ciudad` VALUES ('47675', 'SALAMINA', '47');
INSERT INTO `ciudad` VALUES ('47692', 'SAN SEBASTIÁN DE BUENAVIS', '47');
INSERT INTO `ciudad` VALUES ('47703', 'SAN ZENÓN', '47');
INSERT INTO `ciudad` VALUES ('47707', 'SANTA ANA', '47');
INSERT INTO `ciudad` VALUES ('47720', 'SANTA BÁRBARA DE PINTO', '47');
INSERT INTO `ciudad` VALUES ('47745', 'SITIONUEVO', '47');
INSERT INTO `ciudad` VALUES ('47798', 'TENERIFE', '47');
INSERT INTO `ciudad` VALUES ('47960', 'ZAPAYÁN', '47');
INSERT INTO `ciudad` VALUES ('47980', 'ZONA BANANERA', '47');
INSERT INTO `ciudad` VALUES ('50001', 'VILLAVICENCIO', '50');
INSERT INTO `ciudad` VALUES ('50006', 'ACACÍAS', '50');
INSERT INTO `ciudad` VALUES ('5001', 'MEDELLÍN', '5');
INSERT INTO `ciudad` VALUES ('5002', 'ABEJORRAL', '5');
INSERT INTO `ciudad` VALUES ('5004', 'ABRIAQUÍ', '5');
INSERT INTO `ciudad` VALUES ('50110', 'BARRANCA DE UPÍA', '50');
INSERT INTO `ciudad` VALUES ('50124', 'CABUYARO', '50');
INSERT INTO `ciudad` VALUES ('50150', 'CASTILLA LA NUEVA', '50');
INSERT INTO `ciudad` VALUES ('5021', 'ALEJANDRÍA', '5');
INSERT INTO `ciudad` VALUES ('50223', 'CUBARRAL', '50');
INSERT INTO `ciudad` VALUES ('50226', 'CUMARAL', '50');
INSERT INTO `ciudad` VALUES ('50245', 'EL CALVARIO', '50');
INSERT INTO `ciudad` VALUES ('50251', 'EL CASTILLO', '50');
INSERT INTO `ciudad` VALUES ('50270', 'EL DORADO', '50');
INSERT INTO `ciudad` VALUES ('50287', 'FUENTE DE ORO', '50');
INSERT INTO `ciudad` VALUES ('5030', 'AMAGÁ', '5');
INSERT INTO `ciudad` VALUES ('5031', 'AMALFI', '5');
INSERT INTO `ciudad` VALUES ('50313', 'GRANADA', '50');
INSERT INTO `ciudad` VALUES ('50318', 'GUAMAL', '50');
INSERT INTO `ciudad` VALUES ('50325', 'MAPIRIPÁN', '50');
INSERT INTO `ciudad` VALUES ('50330', 'MESETAS', '50');
INSERT INTO `ciudad` VALUES ('5034', 'ANDES', '5');
INSERT INTO `ciudad` VALUES ('50350', 'LA MACARENA', '50');
INSERT INTO `ciudad` VALUES ('5036', 'ANGELÓPOLIS', '5');
INSERT INTO `ciudad` VALUES ('50370', 'URIBE', '50');
INSERT INTO `ciudad` VALUES ('5038', 'ANGOSTURA', '5');
INSERT INTO `ciudad` VALUES ('5040', 'ANORÍ', '5');
INSERT INTO `ciudad` VALUES ('50400', 'LEJANÍAS', '50');
INSERT INTO `ciudad` VALUES ('5042', 'SANTAFÉ DE ANTIOQUIA', '5');
INSERT INTO `ciudad` VALUES ('5044', 'ANZA', '5');
INSERT INTO `ciudad` VALUES ('5045', 'APARTADÓ', '5');
INSERT INTO `ciudad` VALUES ('50450', 'PUERTO CONCORDIA', '50');
INSERT INTO `ciudad` VALUES ('5051', 'ARBOLETES', '5');
INSERT INTO `ciudad` VALUES ('5055', 'ARGELIA', '5');
INSERT INTO `ciudad` VALUES ('50568', 'PUERTO GAITÁN', '50');
INSERT INTO `ciudad` VALUES ('50573', 'PUERTO LÓPEZ', '50');
INSERT INTO `ciudad` VALUES ('50577', 'PUERTO LLERAS', '50');
INSERT INTO `ciudad` VALUES ('5059', 'ARMENIA', '5');
INSERT INTO `ciudad` VALUES ('50590', 'PUERTO RICO', '50');
INSERT INTO `ciudad` VALUES ('50606', 'RESTREPO', '50');
INSERT INTO `ciudad` VALUES ('50680', 'SAN CARLOS DE GUAROA', '50');
INSERT INTO `ciudad` VALUES ('50683', 'SAN JUAN DE ARAMA', '50');
INSERT INTO `ciudad` VALUES ('50686', 'SAN JUANITO', '50');
INSERT INTO `ciudad` VALUES ('50689', 'SAN MARTÍN', '50');
INSERT INTO `ciudad` VALUES ('50711', 'VISTAHERMOSA', '50');
INSERT INTO `ciudad` VALUES ('5079', 'BARBOSA', '5');
INSERT INTO `ciudad` VALUES ('5086', 'BELMIRA', '5');
INSERT INTO `ciudad` VALUES ('5088', 'BELLO', '5');
INSERT INTO `ciudad` VALUES ('5091', 'BETANIA', '5');
INSERT INTO `ciudad` VALUES ('5093', 'BETULIA', '5');
INSERT INTO `ciudad` VALUES ('5101', 'CIUDAD BOLÍVAR', '5');
INSERT INTO `ciudad` VALUES ('5107', 'BRICEÑO', '5');
INSERT INTO `ciudad` VALUES ('5113', 'BURITICÁ', '5');
INSERT INTO `ciudad` VALUES ('5120', 'CÁCERES', '5');
INSERT INTO `ciudad` VALUES ('5125', 'CAICEDO', '5');
INSERT INTO `ciudad` VALUES ('5129', 'CALDAS', '5');
INSERT INTO `ciudad` VALUES ('5134', 'CAMPAMENTO', '5');
INSERT INTO `ciudad` VALUES ('5138', 'CAÑASGORDAS', '5');
INSERT INTO `ciudad` VALUES ('5142', 'CARACOLÍ', '5');
INSERT INTO `ciudad` VALUES ('5145', 'CARAMANTA', '5');
INSERT INTO `ciudad` VALUES ('5147', 'CAREPA', '5');
INSERT INTO `ciudad` VALUES ('5148', 'EL CARMEN DE VIBORAL', '5');
INSERT INTO `ciudad` VALUES ('5150', 'CAROLINA', '5');
INSERT INTO `ciudad` VALUES ('5154', 'CAUCASIA', '5');
INSERT INTO `ciudad` VALUES ('5172', 'CHIGORODÓ', '5');
INSERT INTO `ciudad` VALUES ('5190', 'CISNEROS', '5');
INSERT INTO `ciudad` VALUES ('5197', 'COCORNÁ', '5');
INSERT INTO `ciudad` VALUES ('52001', 'PASTO', '52');
INSERT INTO `ciudad` VALUES ('52019', 'ALBÁN', '52');
INSERT INTO `ciudad` VALUES ('52022', 'ALDANA', '52');
INSERT INTO `ciudad` VALUES ('52036', 'ANCUYÁ', '52');
INSERT INTO `ciudad` VALUES ('52051', 'ARBOLEDA', '52');
INSERT INTO `ciudad` VALUES ('5206', 'CONCEPCIÓN', '5');
INSERT INTO `ciudad` VALUES ('52079', 'BARBACOAS', '52');
INSERT INTO `ciudad` VALUES ('52083', 'BELÉN', '52');
INSERT INTO `ciudad` VALUES ('5209', 'CONCORDIA', '5');
INSERT INTO `ciudad` VALUES ('52110', 'BUESACO', '52');
INSERT INTO `ciudad` VALUES ('5212', 'COPACABANA', '5');
INSERT INTO `ciudad` VALUES ('52203', 'COLÓN', '52');
INSERT INTO `ciudad` VALUES ('52207', 'CONSACA', '52');
INSERT INTO `ciudad` VALUES ('52210', 'CONTADERO', '52');
INSERT INTO `ciudad` VALUES ('52215', 'CÓRDOBA', '52');
INSERT INTO `ciudad` VALUES ('52224', 'CUASPUD', '52');
INSERT INTO `ciudad` VALUES ('52227', 'CUMBAL', '52');
INSERT INTO `ciudad` VALUES ('52233', 'CUMBITARA', '52');
INSERT INTO `ciudad` VALUES ('52240', 'CHACHAGÜÍ', '52');
INSERT INTO `ciudad` VALUES ('52250', 'EL CHARCO', '52');
INSERT INTO `ciudad` VALUES ('52254', 'EL PEÑOL', '52');
INSERT INTO `ciudad` VALUES ('52256', 'EL ROSARIO', '52');
INSERT INTO `ciudad` VALUES ('52258', 'EL TABLÓN DE GÓMEZ', '52');
INSERT INTO `ciudad` VALUES ('52260', 'EL TAMBO', '52');
INSERT INTO `ciudad` VALUES ('52287', 'FUNES', '52');
INSERT INTO `ciudad` VALUES ('52317', 'GUACHUCAL', '52');
INSERT INTO `ciudad` VALUES ('52320', 'GUAITARILLA', '52');
INSERT INTO `ciudad` VALUES ('52323', 'GUALMATÁN', '52');
INSERT INTO `ciudad` VALUES ('5234', 'DABEIBA', '5');
INSERT INTO `ciudad` VALUES ('52352', 'ILES', '52');
INSERT INTO `ciudad` VALUES ('52354', 'IMUÉS', '52');
INSERT INTO `ciudad` VALUES ('52356', 'IPIALES', '52');
INSERT INTO `ciudad` VALUES ('5237', 'DON MATÍAS', '5');
INSERT INTO `ciudad` VALUES ('52378', 'LA CRUZ', '52');
INSERT INTO `ciudad` VALUES ('52381', 'LA FLORIDA', '52');
INSERT INTO `ciudad` VALUES ('52385', 'LA LLANADA', '52');
INSERT INTO `ciudad` VALUES ('52390', 'LA TOLA', '52');
INSERT INTO `ciudad` VALUES ('52399', 'LA UNIÓN', '52');
INSERT INTO `ciudad` VALUES ('5240', 'EBÉJICO', '5');
INSERT INTO `ciudad` VALUES ('52405', 'LEIVA', '52');
INSERT INTO `ciudad` VALUES ('52411', 'LINARES', '52');
INSERT INTO `ciudad` VALUES ('52418', 'LOS ANDES', '52');
INSERT INTO `ciudad` VALUES ('52427', 'MAGÜI', '52');
INSERT INTO `ciudad` VALUES ('52435', 'MALLAMA', '52');
INSERT INTO `ciudad` VALUES ('52473', 'MOSQUERA', '52');
INSERT INTO `ciudad` VALUES ('52480', 'NARIÑO', '52');
INSERT INTO `ciudad` VALUES ('52490', 'OLAYA HERRERA', '52');
INSERT INTO `ciudad` VALUES ('5250', 'EL BAGRE', '5');
INSERT INTO `ciudad` VALUES ('52506', 'OSPINA', '52');
INSERT INTO `ciudad` VALUES ('52520', 'FRANCISCO PIZARRO', '52');
INSERT INTO `ciudad` VALUES ('52540', 'POLICARPA', '52');
INSERT INTO `ciudad` VALUES ('52560', 'POTOSÍ', '52');
INSERT INTO `ciudad` VALUES ('52565', 'PROVIDENCIA', '52');
INSERT INTO `ciudad` VALUES ('52573', 'PUERRES', '52');
INSERT INTO `ciudad` VALUES ('52585', 'PUPIALES', '52');
INSERT INTO `ciudad` VALUES ('52612', 'RICAURTE', '52');
INSERT INTO `ciudad` VALUES ('52621', 'ROBERTO PAYÁN', '52');
INSERT INTO `ciudad` VALUES ('5264', 'ENTRERRIOS', '5');
INSERT INTO `ciudad` VALUES ('5266', 'ENVIGADO', '5');
INSERT INTO `ciudad` VALUES ('52678', 'SAMANIEGO', '52');
INSERT INTO `ciudad` VALUES ('52683', 'SANDONÁ', '52');
INSERT INTO `ciudad` VALUES ('52685', 'SAN BERNARDO', '52');
INSERT INTO `ciudad` VALUES ('52687', 'SAN LORENZO', '52');
INSERT INTO `ciudad` VALUES ('52693', 'SAN PABLO', '52');
INSERT INTO `ciudad` VALUES ('52694', 'SAN PEDRO DE CARTAGO', '52');
INSERT INTO `ciudad` VALUES ('52696', 'SANTA BÁRBARA', '52');
INSERT INTO `ciudad` VALUES ('52699', 'SANTACRUZ', '52');
INSERT INTO `ciudad` VALUES ('52720', 'SAPUYES', '52');
INSERT INTO `ciudad` VALUES ('52786', 'TAMINANGO', '52');
INSERT INTO `ciudad` VALUES ('52788', 'TANGUA', '52');
INSERT INTO `ciudad` VALUES ('5282', 'FREDONIA', '5');
INSERT INTO `ciudad` VALUES ('52835', 'TUMACO', '52');
INSERT INTO `ciudad` VALUES ('52838', 'TÚQUERRES', '52');
INSERT INTO `ciudad` VALUES ('5284', 'FRONTINO', '5');
INSERT INTO `ciudad` VALUES ('52885', 'YACUANQUER', '52');
INSERT INTO `ciudad` VALUES ('5306', 'GIRALDO', '5');
INSERT INTO `ciudad` VALUES ('5308', 'GIRARDOTA', '5');
INSERT INTO `ciudad` VALUES ('5310', 'GÓMEZ PLATA', '5');
INSERT INTO `ciudad` VALUES ('5313', 'GRANADA', '5');
INSERT INTO `ciudad` VALUES ('5315', 'GUADALUPE', '5');
INSERT INTO `ciudad` VALUES ('5318', 'GUARNE', '5');
INSERT INTO `ciudad` VALUES ('5321', 'GUATAPE', '5');
INSERT INTO `ciudad` VALUES ('5347', 'HELICONIA', '5');
INSERT INTO `ciudad` VALUES ('5353', 'HISPANIA', '5');
INSERT INTO `ciudad` VALUES ('5360', 'ITAGUI', '5');
INSERT INTO `ciudad` VALUES ('5361', 'ITUANGO', '5');
INSERT INTO `ciudad` VALUES ('5364', 'JARDÍN', '5');
INSERT INTO `ciudad` VALUES ('5368', 'JERICÓ', '5');
INSERT INTO `ciudad` VALUES ('5376', 'LA CEJA', '5');
INSERT INTO `ciudad` VALUES ('5380', 'LA ESTRELLA', '5');
INSERT INTO `ciudad` VALUES ('5390', 'LA PINTADA', '5');
INSERT INTO `ciudad` VALUES ('5400', 'LA UNIÓN', '5');
INSERT INTO `ciudad` VALUES ('54001', 'CÚCUTA', '54');
INSERT INTO `ciudad` VALUES ('54003', 'ABREGO', '54');
INSERT INTO `ciudad` VALUES ('54051', 'ARBOLEDAS', '54');
INSERT INTO `ciudad` VALUES ('54099', 'BOCHALEMA', '54');
INSERT INTO `ciudad` VALUES ('54109', 'BUCARASICA', '54');
INSERT INTO `ciudad` VALUES ('5411', 'LIBORINA', '5');
INSERT INTO `ciudad` VALUES ('54125', 'CÁCOTA', '54');
INSERT INTO `ciudad` VALUES ('54128', 'CACHIRÁ', '54');
INSERT INTO `ciudad` VALUES ('54172', 'CHINÁCOTA', '54');
INSERT INTO `ciudad` VALUES ('54174', 'CHITAGÁ', '54');
INSERT INTO `ciudad` VALUES ('54206', 'CONVENCIÓN', '54');
INSERT INTO `ciudad` VALUES ('54223', 'CUCUTILLA', '54');
INSERT INTO `ciudad` VALUES ('54239', 'DURANIA', '54');
INSERT INTO `ciudad` VALUES ('54245', 'EL CARMEN', '54');
INSERT INTO `ciudad` VALUES ('5425', 'MACEO', '5');
INSERT INTO `ciudad` VALUES ('54250', 'EL TARRA', '54');
INSERT INTO `ciudad` VALUES ('54261', 'EL ZULIA', '54');
INSERT INTO `ciudad` VALUES ('54313', 'GRAMALOTE', '54');
INSERT INTO `ciudad` VALUES ('54344', 'HACARÍ', '54');
INSERT INTO `ciudad` VALUES ('54347', 'HERRÁN', '54');
INSERT INTO `ciudad` VALUES ('54377', 'LABATECA', '54');
INSERT INTO `ciudad` VALUES ('54385', 'LA ESPERANZA', '54');
INSERT INTO `ciudad` VALUES ('54398', 'LA PLAYA', '54');
INSERT INTO `ciudad` VALUES ('5440', 'MARINILLA', '5');
INSERT INTO `ciudad` VALUES ('54405', 'LOS PATIOS', '54');
INSERT INTO `ciudad` VALUES ('54418', 'LOURDES', '54');
INSERT INTO `ciudad` VALUES ('54480', 'MUTISCUA', '54');
INSERT INTO `ciudad` VALUES ('54498', 'OCAÑA', '54');
INSERT INTO `ciudad` VALUES ('54518', 'PAMPLONA', '54');
INSERT INTO `ciudad` VALUES ('54520', 'PAMPLONITA', '54');
INSERT INTO `ciudad` VALUES ('54553', 'PUERTO SANTANDER', '54');
INSERT INTO `ciudad` VALUES ('54599', 'RAGONVALIA', '54');
INSERT INTO `ciudad` VALUES ('54660', 'SALAZAR', '54');
INSERT INTO `ciudad` VALUES ('5467', 'MONTEBELLO', '5');
INSERT INTO `ciudad` VALUES ('54670', 'SAN CALIXTO', '54');
INSERT INTO `ciudad` VALUES ('54673', 'SAN CAYETANO', '54');
INSERT INTO `ciudad` VALUES ('54680', 'SANTIAGO', '54');
INSERT INTO `ciudad` VALUES ('54720', 'SARDINATA', '54');
INSERT INTO `ciudad` VALUES ('54743', 'SILOS', '54');
INSERT INTO `ciudad` VALUES ('5475', 'MURINDÓ', '5');
INSERT INTO `ciudad` VALUES ('5480', 'MUTATÁ', '5');
INSERT INTO `ciudad` VALUES ('54800', 'TEORAMA', '54');
INSERT INTO `ciudad` VALUES ('54810', 'TIBÚ', '54');
INSERT INTO `ciudad` VALUES ('54820', 'TOLEDO', '54');
INSERT INTO `ciudad` VALUES ('5483', 'NARIÑO', '5');
INSERT INTO `ciudad` VALUES ('54871', 'VILLA CARO', '54');
INSERT INTO `ciudad` VALUES ('54874', 'VILLA DEL ROSARIO', '54');
INSERT INTO `ciudad` VALUES ('5490', 'NECOCLÍ', '5');
INSERT INTO `ciudad` VALUES ('5495', 'NECHÍ', '5');
INSERT INTO `ciudad` VALUES ('5501', 'OLAYA', '5');
INSERT INTO `ciudad` VALUES ('5541', 'PEÑOL', '5');
INSERT INTO `ciudad` VALUES ('5543', 'PEQUE', '5');
INSERT INTO `ciudad` VALUES ('5576', 'PUEBLORRICO', '5');
INSERT INTO `ciudad` VALUES ('5579', 'PUERTO BERRÍO', '5');
INSERT INTO `ciudad` VALUES ('5585', 'PUERTO NARE', '5');
INSERT INTO `ciudad` VALUES ('5591', 'PUERTO TRIUNFO', '5');
INSERT INTO `ciudad` VALUES ('5604', 'REMEDIOS', '5');
INSERT INTO `ciudad` VALUES ('5607', 'RETIRO', '5');
INSERT INTO `ciudad` VALUES ('5615', 'RIONEGRO', '5');
INSERT INTO `ciudad` VALUES ('5628', 'SABANALARGA', '5');
INSERT INTO `ciudad` VALUES ('5631', 'SABANETA', '5');
INSERT INTO `ciudad` VALUES ('5642', 'SALGAR', '5');
INSERT INTO `ciudad` VALUES ('5647', 'SAN ANDRÉS', '5');
INSERT INTO `ciudad` VALUES ('5649', 'SAN CARLOS', '5');
INSERT INTO `ciudad` VALUES ('5652', 'SAN FRANCISCO', '5');
INSERT INTO `ciudad` VALUES ('5656', 'SAN JERÓNIMO', '5');
INSERT INTO `ciudad` VALUES ('5658', 'SAN JOSÉ DE LA MONTAÑA', '5');
INSERT INTO `ciudad` VALUES ('5659', 'SAN JUAN DE URABÁ', '5');
INSERT INTO `ciudad` VALUES ('5660', 'SAN LUIS', '5');
INSERT INTO `ciudad` VALUES ('5664', 'SAN PEDRO', '5');
INSERT INTO `ciudad` VALUES ('5665', 'SAN PEDRO DE URABA', '5');
INSERT INTO `ciudad` VALUES ('5667', 'SAN RAFAEL', '5');
INSERT INTO `ciudad` VALUES ('5670', 'SAN ROQUE', '5');
INSERT INTO `ciudad` VALUES ('5674', 'SAN VICENTE', '5');
INSERT INTO `ciudad` VALUES ('5679', 'SANTA BÁRBARA', '5');
INSERT INTO `ciudad` VALUES ('5686', 'SANTA ROSA DE OSOS', '5');
INSERT INTO `ciudad` VALUES ('5690', 'SANTO DOMINGO', '5');
INSERT INTO `ciudad` VALUES ('5697', 'EL SANTUARIO', '5');
INSERT INTO `ciudad` VALUES ('5736', 'SEGOVIA', '5');
INSERT INTO `ciudad` VALUES ('5756', 'SONSON', '5');
INSERT INTO `ciudad` VALUES ('5761', 'SOPETRÁN', '5');
INSERT INTO `ciudad` VALUES ('5789', 'TÁMESIS', '5');
INSERT INTO `ciudad` VALUES ('5790', 'TARAZÁ', '5');
INSERT INTO `ciudad` VALUES ('5792', 'TARSO', '5');
INSERT INTO `ciudad` VALUES ('5809', 'TITIRIBÍ', '5');
INSERT INTO `ciudad` VALUES ('5819', 'TOLEDO', '5');
INSERT INTO `ciudad` VALUES ('5837', 'TURBO', '5');
INSERT INTO `ciudad` VALUES ('5842', 'URAMITA', '5');
INSERT INTO `ciudad` VALUES ('5847', 'URRAO', '5');
INSERT INTO `ciudad` VALUES ('5854', 'VALDIVIA', '5');
INSERT INTO `ciudad` VALUES ('5856', 'VALPARAÍSO', '5');
INSERT INTO `ciudad` VALUES ('5858', 'VEGACHÍ', '5');
INSERT INTO `ciudad` VALUES ('5861', 'VENECIA', '5');
INSERT INTO `ciudad` VALUES ('5873', 'VIGÍA DEL FUERTE', '5');
INSERT INTO `ciudad` VALUES ('5885', 'YALÍ', '5');
INSERT INTO `ciudad` VALUES ('5887', 'YARUMAL', '5');
INSERT INTO `ciudad` VALUES ('5890', 'YOLOMBÓ', '5');
INSERT INTO `ciudad` VALUES ('5893', 'YONDÓ', '5');
INSERT INTO `ciudad` VALUES ('5895', 'ZARAGOZA', '5');
INSERT INTO `ciudad` VALUES ('63001', 'ARMENIA', '63');
INSERT INTO `ciudad` VALUES ('63111', 'BUENAVISTA', '63');
INSERT INTO `ciudad` VALUES ('63130', 'CALARCA', '63');
INSERT INTO `ciudad` VALUES ('63190', 'CIRCASIA', '63');
INSERT INTO `ciudad` VALUES ('63212', 'CÓRDOBA', '63');
INSERT INTO `ciudad` VALUES ('63272', 'FILANDIA', '63');
INSERT INTO `ciudad` VALUES ('63302', 'GÉNOVA', '63');
INSERT INTO `ciudad` VALUES ('63401', 'LA TEBAIDA', '63');
INSERT INTO `ciudad` VALUES ('63470', 'MONTENEGRO', '63');
INSERT INTO `ciudad` VALUES ('63548', 'PIJAO', '63');
INSERT INTO `ciudad` VALUES ('63594', 'QUIMBAYA', '63');
INSERT INTO `ciudad` VALUES ('63690', 'SALENTO', '63');
INSERT INTO `ciudad` VALUES ('66001', 'PEREIRA', '66');
INSERT INTO `ciudad` VALUES ('66045', 'APÍA', '66');
INSERT INTO `ciudad` VALUES ('66075', 'BALBOA', '66');
INSERT INTO `ciudad` VALUES ('66088', 'BELÉN DE UMBRÍA', '66');
INSERT INTO `ciudad` VALUES ('66170', 'DOSQUEBRADAS', '66');
INSERT INTO `ciudad` VALUES ('66318', 'GUÁTICA', '66');
INSERT INTO `ciudad` VALUES ('66383', 'LA CELIA', '66');
INSERT INTO `ciudad` VALUES ('66400', 'LA VIRGINIA', '66');
INSERT INTO `ciudad` VALUES ('66440', 'MARSELLA', '66');
INSERT INTO `ciudad` VALUES ('66456', 'MISTRATÓ', '66');
INSERT INTO `ciudad` VALUES ('66572', 'PUEBLO RICO', '66');
INSERT INTO `ciudad` VALUES ('66594', 'QUINCHÍA', '66');
INSERT INTO `ciudad` VALUES ('66682', 'SANTA ROSA DE CABAL', '66');
INSERT INTO `ciudad` VALUES ('66687', 'SANTUARIO', '66');
INSERT INTO `ciudad` VALUES ('68000', 'TODOS LOS MUNICIPIOS', '68');
INSERT INTO `ciudad` VALUES ('68001', 'BUCARAMANGA', '68');
INSERT INTO `ciudad` VALUES ('68013', 'AGUADA', '68');
INSERT INTO `ciudad` VALUES ('68020', 'ALBANIA', '68');
INSERT INTO `ciudad` VALUES ('68051', 'ARATOCA', '68');
INSERT INTO `ciudad` VALUES ('68077', 'BARBOSA', '68');
INSERT INTO `ciudad` VALUES ('68079', 'BARICHARA', '68');
INSERT INTO `ciudad` VALUES ('68081', 'BARRANCABERMEJA', '68');
INSERT INTO `ciudad` VALUES ('68092', 'BETULIA', '68');
INSERT INTO `ciudad` VALUES ('68101', 'BOLÍVAR', '68');
INSERT INTO `ciudad` VALUES ('68121', 'CABRERA', '68');
INSERT INTO `ciudad` VALUES ('68132', 'CALIFORNIA', '68');
INSERT INTO `ciudad` VALUES ('68147', 'CAPITANEJO', '68');
INSERT INTO `ciudad` VALUES ('68152', 'CARCASÍ', '68');
INSERT INTO `ciudad` VALUES ('68160', 'CEPITÁ', '68');
INSERT INTO `ciudad` VALUES ('68162', 'CERRITO', '68');
INSERT INTO `ciudad` VALUES ('68167', 'CHARALÁ', '68');
INSERT INTO `ciudad` VALUES ('68169', 'CHARTA', '68');
INSERT INTO `ciudad` VALUES ('68176', 'CHIMA', '68');
INSERT INTO `ciudad` VALUES ('68179', 'CHIPATÁ', '68');
INSERT INTO `ciudad` VALUES ('68190', 'CIMITARRA', '68');
INSERT INTO `ciudad` VALUES ('68207', 'CONCEPCIÓN', '68');
INSERT INTO `ciudad` VALUES ('68209', 'CONFINES', '68');
INSERT INTO `ciudad` VALUES ('68211', 'CONTRATACIÓN', '68');
INSERT INTO `ciudad` VALUES ('68217', 'COROMORO', '68');
INSERT INTO `ciudad` VALUES ('68229', 'CURITÍ', '68');
INSERT INTO `ciudad` VALUES ('68235', 'EL CARMEN DE CHUCURÍ', '68');
INSERT INTO `ciudad` VALUES ('68245', 'EL GUACAMAYO', '68');
INSERT INTO `ciudad` VALUES ('68250', 'EL PEÑÓN', '68');
INSERT INTO `ciudad` VALUES ('68255', 'EL PLAYÓN', '68');
INSERT INTO `ciudad` VALUES ('68264', 'ENCINO', '68');
INSERT INTO `ciudad` VALUES ('68266', 'ENCISO', '68');
INSERT INTO `ciudad` VALUES ('68271', 'FLORIÁN', '68');
INSERT INTO `ciudad` VALUES ('68276', 'FLORIDABLANCA', '68');
INSERT INTO `ciudad` VALUES ('68296', 'GALÁN', '68');
INSERT INTO `ciudad` VALUES ('68298', 'GAMBITA', '68');
INSERT INTO `ciudad` VALUES ('68307', 'GIRÓN', '68');
INSERT INTO `ciudad` VALUES ('68318', 'GUACA', '68');
INSERT INTO `ciudad` VALUES ('68320', 'GUADALUPE', '68');
INSERT INTO `ciudad` VALUES ('68322', 'GUAPOTÁ', '68');
INSERT INTO `ciudad` VALUES ('68324', 'GUAVATÁ', '68');
INSERT INTO `ciudad` VALUES ('68327', 'GÜEPSA', '68');
INSERT INTO `ciudad` VALUES ('68344', 'HATO', '68');
INSERT INTO `ciudad` VALUES ('68368', 'JESÚS MARÍA', '68');
INSERT INTO `ciudad` VALUES ('68370', 'JORDÁN', '68');
INSERT INTO `ciudad` VALUES ('68377', 'LA BELLEZA', '68');
INSERT INTO `ciudad` VALUES ('68385', 'LANDÁZURI', '68');
INSERT INTO `ciudad` VALUES ('68397', 'LA PAZ', '68');
INSERT INTO `ciudad` VALUES ('68406', 'LEBRÍJA', '68');
INSERT INTO `ciudad` VALUES ('68418', 'LOS SANTOS', '68');
INSERT INTO `ciudad` VALUES ('68425', 'MACARAVITA', '68');
INSERT INTO `ciudad` VALUES ('68432', 'MÁLAGA', '68');
INSERT INTO `ciudad` VALUES ('68444', 'MATANZA', '68');
INSERT INTO `ciudad` VALUES ('68464', 'MOGOTES', '68');
INSERT INTO `ciudad` VALUES ('68468', 'MOLAGAVITA', '68');
INSERT INTO `ciudad` VALUES ('68498', 'OCAMONTE', '68');
INSERT INTO `ciudad` VALUES ('68500', 'OIBA', '68');
INSERT INTO `ciudad` VALUES ('68502', 'ONZAGA', '68');
INSERT INTO `ciudad` VALUES ('68522', 'PALMAR', '68');
INSERT INTO `ciudad` VALUES ('68524', 'PALMAS DEL SOCORRO', '68');
INSERT INTO `ciudad` VALUES ('68533', 'PÁRAMO', '68');
INSERT INTO `ciudad` VALUES ('68547', 'PIEDECUESTA', '68');
INSERT INTO `ciudad` VALUES ('68549', 'PINCHOTE', '68');
INSERT INTO `ciudad` VALUES ('68572', 'PUENTE NACIONAL', '68');
INSERT INTO `ciudad` VALUES ('68573', 'PUERTO PARRA', '68');
INSERT INTO `ciudad` VALUES ('68575', 'PUERTO WILCHES', '68');
INSERT INTO `ciudad` VALUES ('68615', 'RIONEGRO', '68');
INSERT INTO `ciudad` VALUES ('68655', 'SABANA DE TORRES', '68');
INSERT INTO `ciudad` VALUES ('68669', 'SAN ANDRÉS', '68');
INSERT INTO `ciudad` VALUES ('68673', 'SAN BENITO', '68');
INSERT INTO `ciudad` VALUES ('68679', 'SAN GIL', '68');
INSERT INTO `ciudad` VALUES ('68682', 'SAN JOAQUÍN', '68');
INSERT INTO `ciudad` VALUES ('68684', 'SAN JOSÉ DE MIRANDA', '68');
INSERT INTO `ciudad` VALUES ('68686', 'SAN MIGUEL', '68');
INSERT INTO `ciudad` VALUES ('68689', 'SAN VICENTE DE CHUCURÍ', '68');
INSERT INTO `ciudad` VALUES ('68705', 'SANTA BÁRBARA', '68');
INSERT INTO `ciudad` VALUES ('68720', 'SANTA HELENA DEL OPÓN', '68');
INSERT INTO `ciudad` VALUES ('68745', 'SIMACOTA', '68');
INSERT INTO `ciudad` VALUES ('68755', 'SOCORRO', '68');
INSERT INTO `ciudad` VALUES ('68770', 'SUAITA', '68');
INSERT INTO `ciudad` VALUES ('68773', 'SUCRE', '68');
INSERT INTO `ciudad` VALUES ('68780', 'SURATÁ', '68');
INSERT INTO `ciudad` VALUES ('68820', 'TONA', '68');
INSERT INTO `ciudad` VALUES ('68855', 'VALLE DE SAN JOSÉ', '68');
INSERT INTO `ciudad` VALUES ('68861', 'VÉLEZ', '68');
INSERT INTO `ciudad` VALUES ('68867', 'VETAS', '68');
INSERT INTO `ciudad` VALUES ('68872', 'VILLANUEVA', '68');
INSERT INTO `ciudad` VALUES ('68895', 'ZAPATOCA', '68');
INSERT INTO `ciudad` VALUES ('70001', 'SINCELEJO', '70');
INSERT INTO `ciudad` VALUES ('70110', 'BUENAVISTA', '70');
INSERT INTO `ciudad` VALUES ('70124', 'CAIMITO', '70');
INSERT INTO `ciudad` VALUES ('70204', 'COLOSO', '70');
INSERT INTO `ciudad` VALUES ('70215', 'COROZAL', '70');
INSERT INTO `ciudad` VALUES ('70221', 'COVEÑAS', '70');
INSERT INTO `ciudad` VALUES ('70230', 'CHALÁN', '70');
INSERT INTO `ciudad` VALUES ('70233', 'EL ROBLE', '70');
INSERT INTO `ciudad` VALUES ('70235', 'GALERAS', '70');
INSERT INTO `ciudad` VALUES ('70265', 'GUARANDA', '70');
INSERT INTO `ciudad` VALUES ('70400', 'LA UNIÓN', '70');
INSERT INTO `ciudad` VALUES ('70418', 'LOS PALMITOS', '70');
INSERT INTO `ciudad` VALUES ('70429', 'MAJAGUAL', '70');
INSERT INTO `ciudad` VALUES ('70473', 'MORROA', '70');
INSERT INTO `ciudad` VALUES ('70508', 'OVEJAS', '70');
INSERT INTO `ciudad` VALUES ('70523', 'PALMITO', '70');
INSERT INTO `ciudad` VALUES ('70670', 'SAMPUÉS', '70');
INSERT INTO `ciudad` VALUES ('70678', 'SAN BENITO ABAD', '70');
INSERT INTO `ciudad` VALUES ('70702', 'SAN JUAN DE BETULIA', '70');
INSERT INTO `ciudad` VALUES ('70708', 'SAN MARCOS', '70');
INSERT INTO `ciudad` VALUES ('70713', 'SAN ONOFRE', '70');
INSERT INTO `ciudad` VALUES ('70717', 'SAN PEDRO', '70');
INSERT INTO `ciudad` VALUES ('70742', 'SINCÉ', '70');
INSERT INTO `ciudad` VALUES ('70771', 'SUCRE', '70');
INSERT INTO `ciudad` VALUES ('70820', 'SANTIAGO DE TOLÚ', '70');
INSERT INTO `ciudad` VALUES ('70823', 'TOLÚ VIEJO', '70');
INSERT INTO `ciudad` VALUES ('73001', 'IBAGUÉ', '73');
INSERT INTO `ciudad` VALUES ('73024', 'ALPUJARRA', '73');
INSERT INTO `ciudad` VALUES ('73026', 'ALVARADO', '73');
INSERT INTO `ciudad` VALUES ('73030', 'AMBALEMA', '73');
INSERT INTO `ciudad` VALUES ('73043', 'ANZOÁTEGUI', '73');
INSERT INTO `ciudad` VALUES ('73055', 'ARMERO', '73');
INSERT INTO `ciudad` VALUES ('73067', 'ATACO', '73');
INSERT INTO `ciudad` VALUES ('73124', 'CAJAMARCA', '73');
INSERT INTO `ciudad` VALUES ('73148', 'CARMEN DE APICALÁ', '73');
INSERT INTO `ciudad` VALUES ('73152', 'CASABIANCA', '73');
INSERT INTO `ciudad` VALUES ('73168', 'CHAPARRAL', '73');
INSERT INTO `ciudad` VALUES ('73200', 'COELLO', '73');
INSERT INTO `ciudad` VALUES ('73217', 'COYAIMA', '73');
INSERT INTO `ciudad` VALUES ('73226', 'CUNDAY', '73');
INSERT INTO `ciudad` VALUES ('73236', 'DOLORES', '73');
INSERT INTO `ciudad` VALUES ('73268', 'ESPINAL', '73');
INSERT INTO `ciudad` VALUES ('73270', 'FALAN', '73');
INSERT INTO `ciudad` VALUES ('73275', 'FLANDES', '73');
INSERT INTO `ciudad` VALUES ('73283', 'FRESNO', '73');
INSERT INTO `ciudad` VALUES ('73319', 'GUAMO', '73');
INSERT INTO `ciudad` VALUES ('73347', 'HERVEO', '73');
INSERT INTO `ciudad` VALUES ('73349', 'HONDA', '73');
INSERT INTO `ciudad` VALUES ('73352', 'ICONONZO', '73');
INSERT INTO `ciudad` VALUES ('73408', 'LÉRIDA', '73');
INSERT INTO `ciudad` VALUES ('73411', 'LÍBANO', '73');
INSERT INTO `ciudad` VALUES ('73443', 'MARIQUITA', '73');
INSERT INTO `ciudad` VALUES ('73449', 'MELGAR', '73');
INSERT INTO `ciudad` VALUES ('73461', 'MURILLO', '73');
INSERT INTO `ciudad` VALUES ('73483', 'NATAGAIMA', '73');
INSERT INTO `ciudad` VALUES ('73504', 'ORTEGA', '73');
INSERT INTO `ciudad` VALUES ('73520', 'PALOCABILDO', '73');
INSERT INTO `ciudad` VALUES ('73547', 'PIEDRAS', '73');
INSERT INTO `ciudad` VALUES ('73555', 'PLANADAS', '73');
INSERT INTO `ciudad` VALUES ('73563', 'PRADO', '73');
INSERT INTO `ciudad` VALUES ('73585', 'PURIFICACIÓN', '73');
INSERT INTO `ciudad` VALUES ('73616', 'RIOBLANCO', '73');
INSERT INTO `ciudad` VALUES ('73622', 'RONCESVALLES', '73');
INSERT INTO `ciudad` VALUES ('73624', 'ROVIRA', '73');
INSERT INTO `ciudad` VALUES ('73671', 'SALDAÑA', '73');
INSERT INTO `ciudad` VALUES ('73675', 'SAN ANTONIO', '73');
INSERT INTO `ciudad` VALUES ('73678', 'SAN LUIS', '73');
INSERT INTO `ciudad` VALUES ('73686', 'SANTA ISABEL', '73');
INSERT INTO `ciudad` VALUES ('73770', 'SUÁREZ', '73');
INSERT INTO `ciudad` VALUES ('73854', 'VALLE DE SAN JUAN', '73');
INSERT INTO `ciudad` VALUES ('73861', 'VENADILLO', '73');
INSERT INTO `ciudad` VALUES ('73870', 'VILLAHERMOSA', '73');
INSERT INTO `ciudad` VALUES ('73873', 'VILLARRICA', '73');
INSERT INTO `ciudad` VALUES ('76001', 'CALI', '76');
INSERT INTO `ciudad` VALUES ('76020', 'ALCALÁ', '76');
INSERT INTO `ciudad` VALUES ('76036', 'ANDALUCÍA', '76');
INSERT INTO `ciudad` VALUES ('76041', 'ANSERMANUEVO', '76');
INSERT INTO `ciudad` VALUES ('76054', 'ARGELIA', '76');
INSERT INTO `ciudad` VALUES ('76100', 'BOLÍVAR', '76');
INSERT INTO `ciudad` VALUES ('76109', 'BUENAVENTURA', '76');
INSERT INTO `ciudad` VALUES ('76111', 'GUADALAJARA DE BUGA', '76');
INSERT INTO `ciudad` VALUES ('76113', 'BUGALAGRANDE', '76');
INSERT INTO `ciudad` VALUES ('76122', 'CAICEDONIA', '76');
INSERT INTO `ciudad` VALUES ('76126', 'CALIMA', '76');
INSERT INTO `ciudad` VALUES ('76130', 'CANDELARIA', '76');
INSERT INTO `ciudad` VALUES ('76147', 'CARTAGO', '76');
INSERT INTO `ciudad` VALUES ('76233', 'DAGUA', '76');
INSERT INTO `ciudad` VALUES ('76243', 'EL ÁGUILA', '76');
INSERT INTO `ciudad` VALUES ('76246', 'EL CAIRO', '76');
INSERT INTO `ciudad` VALUES ('76248', 'EL CERRITO', '76');
INSERT INTO `ciudad` VALUES ('76250', 'EL DOVIO', '76');
INSERT INTO `ciudad` VALUES ('76275', 'FLORIDA', '76');
INSERT INTO `ciudad` VALUES ('76306', 'GINEBRA', '76');
INSERT INTO `ciudad` VALUES ('76318', 'GUACARÍ', '76');
INSERT INTO `ciudad` VALUES ('76364', 'JAMUNDÍ', '76');
INSERT INTO `ciudad` VALUES ('76377', 'LA CUMBRE', '76');
INSERT INTO `ciudad` VALUES ('76400', 'LA UNIÓN', '76');
INSERT INTO `ciudad` VALUES ('76403', 'LA VICTORIA', '76');
INSERT INTO `ciudad` VALUES ('76497', 'OBANDO', '76');
INSERT INTO `ciudad` VALUES ('76520', 'PALMIRA', '76');
INSERT INTO `ciudad` VALUES ('76563', 'PRADERA', '76');
INSERT INTO `ciudad` VALUES ('76606', 'RESTREPO', '76');
INSERT INTO `ciudad` VALUES ('76616', 'RIOFRÍO', '76');
INSERT INTO `ciudad` VALUES ('76622', 'ROLDANILLO', '76');
INSERT INTO `ciudad` VALUES ('76670', 'SAN PEDRO', '76');
INSERT INTO `ciudad` VALUES ('76736', 'SEVILLA', '76');
INSERT INTO `ciudad` VALUES ('76823', 'TORO', '76');
INSERT INTO `ciudad` VALUES ('76828', 'TRUJILLO', '76');
INSERT INTO `ciudad` VALUES ('76834', 'TULUÁ', '76');
INSERT INTO `ciudad` VALUES ('76845', 'ULLOA', '76');
INSERT INTO `ciudad` VALUES ('76863', 'VERSALLES', '76');
INSERT INTO `ciudad` VALUES ('76869', 'VIJES', '76');
INSERT INTO `ciudad` VALUES ('76890', 'YOTOCO', '76');
INSERT INTO `ciudad` VALUES ('76892', 'YUMBO', '76');
INSERT INTO `ciudad` VALUES ('76895', 'ZARZAL', '76');
INSERT INTO `ciudad` VALUES ('8001', 'BARRANQUILLA', '8');
INSERT INTO `ciudad` VALUES ('8078', 'BARANOA', '8');
INSERT INTO `ciudad` VALUES ('81001', 'ARAUCA', '81');
INSERT INTO `ciudad` VALUES ('81065', 'ARAUQUITA', '81');
INSERT INTO `ciudad` VALUES ('81220', 'CRAVO NORTE', '81');
INSERT INTO `ciudad` VALUES ('81300', 'FORTUL', '81');
INSERT INTO `ciudad` VALUES ('8137', 'CAMPO DE LA CRUZ', '8');
INSERT INTO `ciudad` VALUES ('8141', 'CANDELARIA', '8');
INSERT INTO `ciudad` VALUES ('81591', 'PUERTO RONDÓN', '81');
INSERT INTO `ciudad` VALUES ('81736', 'SARAVENA', '81');
INSERT INTO `ciudad` VALUES ('81794', 'TAME', '81');
INSERT INTO `ciudad` VALUES ('8296', 'GALAPA', '8');
INSERT INTO `ciudad` VALUES ('8372', 'JUAN DE ACOSTA', '8');
INSERT INTO `ciudad` VALUES ('8421', 'LURUACO', '8');
INSERT INTO `ciudad` VALUES ('8433', 'MALAMBO', '8');
INSERT INTO `ciudad` VALUES ('8436', 'MANATÍ', '8');
INSERT INTO `ciudad` VALUES ('85001', 'YOPAL', '85');
INSERT INTO `ciudad` VALUES ('85010', 'AGUAZUL', '85');
INSERT INTO `ciudad` VALUES ('85015', 'CHAMEZA', '85');
INSERT INTO `ciudad` VALUES ('85125', 'HATO COROZAL', '85');
INSERT INTO `ciudad` VALUES ('85136', 'LA SALINA', '85');
INSERT INTO `ciudad` VALUES ('85139', 'MANÍ', '85');
INSERT INTO `ciudad` VALUES ('85162', 'MONTERREY', '85');
INSERT INTO `ciudad` VALUES ('8520', 'PALMAR DE VARELA', '8');
INSERT INTO `ciudad` VALUES ('85225', 'NUNCHÍA', '85');
INSERT INTO `ciudad` VALUES ('85230', 'OROCUÉ', '85');
INSERT INTO `ciudad` VALUES ('85250', 'PAZ DE ARIPORO', '85');
INSERT INTO `ciudad` VALUES ('85263', 'PORE', '85');
INSERT INTO `ciudad` VALUES ('85279', 'RECETOR', '85');
INSERT INTO `ciudad` VALUES ('85300', 'SABANALARGA', '85');
INSERT INTO `ciudad` VALUES ('85315', 'SÁCAMA', '85');
INSERT INTO `ciudad` VALUES ('85325', 'SAN LUIS DE PALENQUE', '85');
INSERT INTO `ciudad` VALUES ('85400', 'TÁMARA', '85');
INSERT INTO `ciudad` VALUES ('85410', 'TAURAMENA', '85');
INSERT INTO `ciudad` VALUES ('85430', 'TRINIDAD', '85');
INSERT INTO `ciudad` VALUES ('85440', 'VILLANUEVA', '85');
INSERT INTO `ciudad` VALUES ('8549', 'PIOJÓ', '8');
INSERT INTO `ciudad` VALUES ('8558', 'POLONUEVO', '8');
INSERT INTO `ciudad` VALUES ('8560', 'PONEDERA', '8');
INSERT INTO `ciudad` VALUES ('8573', 'PUERTO COLOMBIA', '8');
INSERT INTO `ciudad` VALUES ('86001', 'MOCOA', '86');
INSERT INTO `ciudad` VALUES ('8606', 'REPELÓN', '8');
INSERT INTO `ciudad` VALUES ('86219', 'COLÓN', '86');
INSERT INTO `ciudad` VALUES ('86320', 'ORITO', '86');
INSERT INTO `ciudad` VALUES ('8634', 'SABANAGRANDE', '8');
INSERT INTO `ciudad` VALUES ('8638', 'SABANALARGA', '8');
INSERT INTO `ciudad` VALUES ('86568', 'PUERTO ASÍS', '86');
INSERT INTO `ciudad` VALUES ('86569', 'PUERTO CAICEDO', '86');
INSERT INTO `ciudad` VALUES ('86571', 'PUERTO GUZMÁN', '86');
INSERT INTO `ciudad` VALUES ('86573', 'LEGUÍZAMO', '86');
INSERT INTO `ciudad` VALUES ('86749', 'SIBUNDOY', '86');
INSERT INTO `ciudad` VALUES ('8675', 'SANTA LUCÍA', '8');
INSERT INTO `ciudad` VALUES ('86755', 'SAN FRANCISCO', '86');
INSERT INTO `ciudad` VALUES ('86757', 'SAN MIGUEL', '86');
INSERT INTO `ciudad` VALUES ('86760', 'SANTIAGO', '86');
INSERT INTO `ciudad` VALUES ('8685', 'SANTO TOMÁS', '8');
INSERT INTO `ciudad` VALUES ('86865', 'VALLE DEL GUAMUEZ', '86');
INSERT INTO `ciudad` VALUES ('86885', 'VILLAGARZÓN', '86');
INSERT INTO `ciudad` VALUES ('8758', 'SOLEDAD', '8');
INSERT INTO `ciudad` VALUES ('8770', 'SUAN', '8');
INSERT INTO `ciudad` VALUES ('88001', 'SAN ANDRÉS', '88');
INSERT INTO `ciudad` VALUES ('8832', 'TUBARÁ', '8');
INSERT INTO `ciudad` VALUES ('8849', 'USIACURÍ', '8');
INSERT INTO `ciudad` VALUES ('88564', 'PROVIDENCIA', '88');
INSERT INTO `ciudad` VALUES ('91001', 'LETICIA', '91');
INSERT INTO `ciudad` VALUES ('91263', 'EL ENCANTO', '91');
INSERT INTO `ciudad` VALUES ('91405', 'LA CHORRERA', '91');
INSERT INTO `ciudad` VALUES ('91407', 'LA PEDRERA', '91');
INSERT INTO `ciudad` VALUES ('91430', 'LA VICTORIA', '91');
INSERT INTO `ciudad` VALUES ('91460', 'MIRITI - PARANÁ', '91');
INSERT INTO `ciudad` VALUES ('91530', 'PUERTO ALEGRÍA', '91');
INSERT INTO `ciudad` VALUES ('91536', 'PUERTO ARICA', '91');
INSERT INTO `ciudad` VALUES ('91540', 'PUERTO NARIÑO', '91');
INSERT INTO `ciudad` VALUES ('91669', 'PUERTO SANTANDER', '91');
INSERT INTO `ciudad` VALUES ('91798', 'TARAPACÁ', '91');
INSERT INTO `ciudad` VALUES ('94001', 'INÍRIDA', '94');
INSERT INTO `ciudad` VALUES ('94343', 'BARRANCO MINAS', '94');
INSERT INTO `ciudad` VALUES ('94663', 'MAPIRIPANA', '94');
INSERT INTO `ciudad` VALUES ('94883', 'SAN FELIPE', '94');
INSERT INTO `ciudad` VALUES ('94884', 'PUERTO COLOMBIA', '94');
INSERT INTO `ciudad` VALUES ('94885', 'LA GUADALUPE', '94');
INSERT INTO `ciudad` VALUES ('94886', 'CACAHUAL', '94');
INSERT INTO `ciudad` VALUES ('94887', 'PANA PANA', '94');
INSERT INTO `ciudad` VALUES ('94888', 'MORICHAL', '94');
INSERT INTO `ciudad` VALUES ('95001', 'SAN JOSÉ DEL GUAVIARE', '95');
INSERT INTO `ciudad` VALUES ('95015', 'CALAMAR', '95');
INSERT INTO `ciudad` VALUES ('95025', 'EL RETORNO', '95');
INSERT INTO `ciudad` VALUES ('95200', 'MIRAFLORES', '95');
INSERT INTO `ciudad` VALUES ('97001', 'MITÚ', '97');
INSERT INTO `ciudad` VALUES ('97161', 'CARURU', '97');
INSERT INTO `ciudad` VALUES ('97511', 'PACOA', '97');
INSERT INTO `ciudad` VALUES ('97666', 'TARAIRA', '97');
INSERT INTO `ciudad` VALUES ('97777', 'PAPUNAUA', '97');
INSERT INTO `ciudad` VALUES ('97889', 'YAVARATÉ', '97');
INSERT INTO `ciudad` VALUES ('99001', 'PUERTO CARREÑO', '99');
INSERT INTO `ciudad` VALUES ('99524', 'LA PRIMAVERA', '99');
INSERT INTO `ciudad` VALUES ('99624', 'SANTA ROSALÍA', '99');
INSERT INTO `ciudad` VALUES ('99773', 'CUMARIBO', '99');

-- ----------------------------
-- Table structure for `clientes`
-- ----------------------------
DROP TABLE IF EXISTS `clientes`;
CREATE TABLE `clientes` (
  `id` varchar(255) DEFAULT NULL,
  `nombre` varchar(255) DEFAULT NULL,
  KEY `id` (`id`)
) ENGINE=InnoDB DEFAULT CHARSET=latin1;

-- ----------------------------
-- Records of clientes
-- ----------------------------

-- ----------------------------
-- Table structure for `clientes_prestamos`
-- ----------------------------
DROP TABLE IF EXISTS `clientes_prestamos`;
CREATE TABLE `clientes_prestamos` (
  `id` int(11) NOT NULL AUTO_INCREMENT,
  `id_cliente` varchar(255) DEFAULT NULL,
  `id_prestamo` int(11) DEFAULT NULL,
  PRIMARY KEY (`id`),
  KEY `id_cliente` (`id_cliente`),
  KEY `id_prestamo` (`id_prestamo`),
  CONSTRAINT `clientes_prestamos_ibfk_1` FOREIGN KEY (`id_cliente`) REFERENCES `clientes` (`id`),
  CONSTRAINT `clientes_prestamos_ibfk_2` FOREIGN KEY (`id_prestamo`) REFERENCES `prestamos` (`id`)
) ENGINE=InnoDB DEFAULT CHARSET=latin1;

-- ----------------------------
-- Records of clientes_prestamos
-- ----------------------------

-- ----------------------------
-- Table structure for `coordenadas`
-- ----------------------------
DROP TABLE IF EXISTS `coordenadas`;
CREATE TABLE `coordenadas` (
  `id_usuario` varchar(255) NOT NULL DEFAULT '',
  `latitud` varchar(255) DEFAULT NULL,
  `longitud` varchar(255) DEFAULT NULL,
  PRIMARY KEY (`id_usuario`),
  CONSTRAINT `coordenadas_ibfk_1` FOREIGN KEY (`id_usuario`) REFERENCES `usuarios` (`id`)
) ENGINE=InnoDB DEFAULT CHARSET=latin1;

-- ----------------------------
-- Records of coordenadas
-- ----------------------------

-- ----------------------------
-- Table structure for `departamento`
-- ----------------------------
DROP TABLE IF EXISTS `departamento`;
CREATE TABLE `departamento` (
  `id` varchar(255) NOT NULL,
  `nombre` varchar(255) DEFAULT NULL,
  `id_pais` varchar(255) DEFAULT NULL,
  PRIMARY KEY (`id`),
  KEY `id_pais` (`id_pais`),
  CONSTRAINT `departamento_ibfk_1` FOREIGN KEY (`id_pais`) REFERENCES `pais` (`id`)
) ENGINE=InnoDB DEFAULT CHARSET=latin1;

-- ----------------------------
-- Records of departamento
-- ----------------------------
INSERT INTO `departamento` VALUES ('11', 'BOGOTÁ D.C', '170');
INSERT INTO `departamento` VALUES ('13', 'BOLÍVAR', '170');
INSERT INTO `departamento` VALUES ('15', 'BOYACÁ', '170');
INSERT INTO `departamento` VALUES ('17', 'CALDAS', '170');
INSERT INTO `departamento` VALUES ('18', 'CAQUETÁ', '170');
INSERT INTO `departamento` VALUES ('19', 'CAUCA', '170');
INSERT INTO `departamento` VALUES ('20', 'CESAR', '170');
INSERT INTO `departamento` VALUES ('23', 'CÓRDOBA', '170');
INSERT INTO `departamento` VALUES ('25', 'CUNDINAMARCA', '170');
INSERT INTO `departamento` VALUES ('27', 'CHOCÓ', '170');
INSERT INTO `departamento` VALUES ('41', 'HUILA', '170');
INSERT INTO `departamento` VALUES ('44', 'LA GUAJIRA', '170');
INSERT INTO `departamento` VALUES ('47', 'MAGDALENA', '170');
INSERT INTO `departamento` VALUES ('5', 'ANTIOQUIA', '170');
INSERT INTO `departamento` VALUES ('50', 'META', '170');
INSERT INTO `departamento` VALUES ('52', 'NARIÑO', '170');
INSERT INTO `departamento` VALUES ('54', 'NORTE DE SANTANDER', '170');
INSERT INTO `departamento` VALUES ('63', 'QUINDIO', '170');
INSERT INTO `departamento` VALUES ('66', 'RISARALDA', '170');
INSERT INTO `departamento` VALUES ('68', 'SANTANDER', '170');
INSERT INTO `departamento` VALUES ('70', 'SUCRE', '170');
INSERT INTO `departamento` VALUES ('73', 'TOLIMA', '170');
INSERT INTO `departamento` VALUES ('76', 'VALLE DEL CAUCA', '170');
INSERT INTO `departamento` VALUES ('8', 'ATLÁNTICO', '170');
INSERT INTO `departamento` VALUES ('81', 'ARAUCA', '170');
INSERT INTO `departamento` VALUES ('85', 'CASANARE', '170');
INSERT INTO `departamento` VALUES ('86', 'PUTUMAYO', '170');
INSERT INTO `departamento` VALUES ('88', 'ARCHIPIÉLAGO DE SAN', '170');
INSERT INTO `departamento` VALUES ('91', 'AMAZONAS', '170');
INSERT INTO `departamento` VALUES ('94', 'GUAINÍA', '170');
INSERT INTO `departamento` VALUES ('95', 'GUAVIARE', '170');
INSERT INTO `departamento` VALUES ('97', 'VAUPÉS', '170');
INSERT INTO `departamento` VALUES ('99', 'VICHADA', '170');

-- ----------------------------
-- Table structure for `detalle_prestamos`
-- ----------------------------
DROP TABLE IF EXISTS `detalle_prestamos`;
CREATE TABLE `detalle_prestamos` (
  `id` int(11) NOT NULL AUTO_INCREMENT,
  `id_item` int(11) DEFAULT NULL,
  `id_prestamo` int(11) DEFAULT NULL,
  PRIMARY KEY (`id`),
  KEY `id_prestamo` (`id_prestamo`),
  KEY `id_item` (`id_item`),
  CONSTRAINT `detalle_prestamos_ibfk_1` FOREIGN KEY (`id_prestamo`) REFERENCES `prestamos` (`id`),
  CONSTRAINT `detalle_prestamos_ibfk_2` FOREIGN KEY (`id_item`) REFERENCES `items` (`id`)
) ENGINE=InnoDB DEFAULT CHARSET=latin1;

-- ----------------------------
-- Records of detalle_prestamos
-- ----------------------------

-- ----------------------------
-- Table structure for `documentos`
-- ----------------------------
DROP TABLE IF EXISTS `documentos`;
CREATE TABLE `documentos` (
  `id` int(11) NOT NULL AUTO_INCREMENT,
  `nombre` varchar(255) DEFAULT NULL,
  `id_usuario` varchar(255) DEFAULT NULL,
  `ruta` varchar(255) DEFAULT NULL,
  PRIMARY KEY (`id`),
  KEY `id_usuario` (`id_usuario`),
  CONSTRAINT `documentos_ibfk_1` FOREIGN KEY (`id_usuario`) REFERENCES `usuarios` (`id`)
) ENGINE=InnoDB DEFAULT CHARSET=latin1;

-- ----------------------------
-- Records of documentos
-- ----------------------------

-- ----------------------------
-- Table structure for `empresas`
-- ----------------------------
DROP TABLE IF EXISTS `empresas`;
CREATE TABLE `empresas` (
  `id` varchar(255) NOT NULL DEFAULT '',
  `nombre` varchar(255) DEFAULT NULL,
  `direccion` varchar(255) DEFAULT NULL,
  `telefono` varchar(255) DEFAULT NULL,
  `ciudad` varchar(255) DEFAULT NULL,
  PRIMARY KEY (`id`),
  KEY `ciudad` (`ciudad`),
  CONSTRAINT `empresas_ibfk_1` FOREIGN KEY (`ciudad`) REFERENCES `ciudad` (`id`)
) ENGINE=InnoDB DEFAULT CHARSET=latin1;

-- ----------------------------
-- Records of empresas
-- ----------------------------

-- ----------------------------
-- Table structure for `escenarios`
-- ----------------------------
DROP TABLE IF EXISTS `escenarios`;
CREATE TABLE `escenarios` (
  `id` int(11) NOT NULL AUTO_INCREMENT,
  `nombre` varchar(255) DEFAULT NULL,
  `id_ciudad` varchar(255) DEFAULT NULL,
  PRIMARY KEY (`id`),
  KEY `id_ciudad` (`id_ciudad`),
  CONSTRAINT `escenarios_ibfk_1` FOREIGN KEY (`id_ciudad`) REFERENCES `ciudad` (`id`)
) ENGINE=InnoDB DEFAULT CHARSET=latin1;

-- ----------------------------
-- Records of escenarios
-- ----------------------------

-- ----------------------------
-- Table structure for `herramientas`
-- ----------------------------
DROP TABLE IF EXISTS `herramientas`;
CREATE TABLE `herramientas` (
  `id` int(11) NOT NULL AUTO_INCREMENT,
  `nombre` varchar(255) DEFAULT NULL,
  PRIMARY KEY (`id`)
) ENGINE=InnoDB DEFAULT CHARSET=latin1;

-- ----------------------------
-- Records of herramientas
-- ----------------------------

-- ----------------------------
-- Table structure for `items`
-- ----------------------------
DROP TABLE IF EXISTS `items`;
CREATE TABLE `items` (
  `id` int(11) NOT NULL AUTO_INCREMENT,
  `id_herramienta` int(11) DEFAULT NULL,
  `modelo` varchar(255) DEFAULT NULL,
  `codigo_unico` int(11) DEFAULT NULL,
  PRIMARY KEY (`id`),
  KEY `id_herramienta` (`id_herramienta`),
  CONSTRAINT `items_ibfk_1` FOREIGN KEY (`id_herramienta`) REFERENCES `herramientas` (`id`)
) ENGINE=InnoDB DEFAULT CHARSET=latin1;

-- ----------------------------
-- Records of items
-- ----------------------------

-- ----------------------------
-- Table structure for `mantenimiento`
-- ----------------------------
DROP TABLE IF EXISTS `mantenimiento`;
CREATE TABLE `mantenimiento` (
  `id` int(11) NOT NULL AUTO_INCREMENT,
  `id_item` int(11) DEFAULT NULL,
  `ingreso` datetime DEFAULT NULL,
  `salida` datetime DEFAULT NULL,
  `estado` int(11) DEFAULT NULL,
  PRIMARY KEY (`id`),
  KEY `id_item` (`id_item`),
  CONSTRAINT `mantenimiento_ibfk_1` FOREIGN KEY (`id_item`) REFERENCES `items` (`id`)
) ENGINE=InnoDB DEFAULT CHARSET=latin1;

-- ----------------------------
-- Records of mantenimiento
-- ----------------------------

-- ----------------------------
-- Table structure for `pais`
-- ----------------------------
DROP TABLE IF EXISTS `pais`;
CREATE TABLE `pais` (
  `id` varchar(11) NOT NULL,
  `codigo_dian` varchar(255) DEFAULT NULL,
  `alfa2` varchar(255) DEFAULT NULL,
  `alfa3` varchar(255) DEFAULT NULL,
  `nombre` varchar(255) DEFAULT NULL,
  PRIMARY KEY (`id`)
) ENGINE=InnoDB DEFAULT CHARSET=latin1;

-- ----------------------------
-- Records of pais
-- ----------------------------
INSERT INTO `pais` VALUES ('10', '', 'AQ', 'ATA', 'Antártida');
INSERT INTO `pais` VALUES ('100', '111', 'BG', 'BGR', 'Bulgaria');
INSERT INTO `pais` VALUES ('104', '093', 'MM', 'MMR', 'Birmania');
INSERT INTO `pais` VALUES ('108', '115', 'BI', 'BDI', 'Burundi');
INSERT INTO `pais` VALUES ('112', '091', 'BY', 'BLR', 'Bielorrusia');
INSERT INTO `pais` VALUES ('116', '141', 'KH', 'KHM', 'Camboya');
INSERT INTO `pais` VALUES ('12', '059', 'DZ', 'DZA', 'Argelia');
INSERT INTO `pais` VALUES ('120', '145', 'CM', 'CMR', 'Camerún');
INSERT INTO `pais` VALUES ('124', '149', 'CA', 'CAN', 'Canadá');
INSERT INTO `pais` VALUES ('132', '127', 'CV', 'CPV', 'Cabo Verde');
INSERT INTO `pais` VALUES ('136', '137', 'KY', 'CYM', 'Islas Caimán');
INSERT INTO `pais` VALUES ('140', '640', 'CF', 'CAF', 'República Centroafricana');
INSERT INTO `pais` VALUES ('144', '750', 'LK', 'LKA', 'Sri Lanka');
INSERT INTO `pais` VALUES ('148', '203', 'TD', 'TCD', 'Chad');
INSERT INTO `pais` VALUES ('152', '211', 'CL', 'CHL', 'Chile');
INSERT INTO `pais` VALUES ('156', '215', 'CN', 'CHN', 'China');
INSERT INTO `pais` VALUES ('158', '218', 'TW', 'TWN', 'Taiwán');
INSERT INTO `pais` VALUES ('16', '690', 'AS', 'ASM', 'Samoa Americana');
INSERT INTO `pais` VALUES ('162', '511', 'CX', 'CXR', 'Isla Christmas(Navidad)');
INSERT INTO `pais` VALUES ('166', '165', 'CC', 'CCK', 'Islas Cocos');
INSERT INTO `pais` VALUES ('170', '169', 'CO', 'COL', 'Colombia');
INSERT INTO `pais` VALUES ('174', '173', 'KM', 'COM', 'Comores');
INSERT INTO `pais` VALUES ('175', '', 'YT', 'MYT', 'Mayotte');
INSERT INTO `pais` VALUES ('178', '177', 'CG', 'COG', 'Congo');
INSERT INTO `pais` VALUES ('180', '888', 'CD', 'COD ', 'Rep. Dem. del Congo(Zaire)');
INSERT INTO `pais` VALUES ('184', '183', 'CK', 'COK', 'Islas Cook');
INSERT INTO `pais` VALUES ('188', '196', 'CR', 'CRI', 'Costa Rica');
INSERT INTO `pais` VALUES ('191', '198', 'HR', 'HRV', 'Croacia (Hrvatska)');
INSERT INTO `pais` VALUES ('192', '199', 'CU', 'CUB', 'Cuba');
INSERT INTO `pais` VALUES ('196', '221', 'CY', 'CYP', 'Chipre');
INSERT INTO `pais` VALUES ('20', '037', 'AD', 'AND', 'Andorra');
INSERT INTO `pais` VALUES ('203', '644', 'CZ', 'CZE', 'República Checa');
INSERT INTO `pais` VALUES ('204', '229', 'BJ', 'BEN', 'Benín');
INSERT INTO `pais` VALUES ('208', '232', 'DK', 'DNK', 'Dinamarca');
INSERT INTO `pais` VALUES ('212', '235', 'DM', 'DMA', 'Dominica');
INSERT INTO `pais` VALUES ('214', '647', 'DO', 'DOM', 'República Dominicana');
INSERT INTO `pais` VALUES ('218', '239', 'EC', 'ECU', 'Ecuador');
INSERT INTO `pais` VALUES ('222', '242', 'SV', 'SLV', 'El Salvador');
INSERT INTO `pais` VALUES ('226', '331', 'GQ', 'GNQ', 'Guinea Ecuatorial');
INSERT INTO `pais` VALUES ('231', '253', 'ET', 'ETH', 'Etiopía');
INSERT INTO `pais` VALUES ('232', '243', 'ER', 'ERI', 'Eritrea');
INSERT INTO `pais` VALUES ('233', '251', 'EE', 'EST', 'Estonia');
INSERT INTO `pais` VALUES ('234', '259', 'FO', 'FRO', 'Islas Feroe');
INSERT INTO `pais` VALUES ('238', '', 'FK', 'KLK', 'Islas Malvinas (Falkland Islands)');
INSERT INTO `pais` VALUES ('239', '', 'GS', 'SGS', 'Georgia del Sur y las islas Sandwich del Sur');
INSERT INTO `pais` VALUES ('24', '040', 'AO', 'AGO', 'Angola');
INSERT INTO `pais` VALUES ('242', '870', 'FJ', 'FJI', 'Islas Fiji');
INSERT INTO `pais` VALUES ('246', '271', 'FI', 'FIN', 'Finlandia');
INSERT INTO `pais` VALUES ('248', '', 'AX', 'ALA', 'ISLAS DE ÅLAND');
INSERT INTO `pais` VALUES ('250', '275', 'FR', 'FRA', 'Francia');
INSERT INTO `pais` VALUES ('254', '325', 'GF', 'GUF', 'Guayana Francesa');
INSERT INTO `pais` VALUES ('258', '599', 'PF', 'PYF', 'Polinesia Francesa');
INSERT INTO `pais` VALUES ('260', '', 'TF', 'ATF', 'Tierras Australes y Antárticas Francesas');
INSERT INTO `pais` VALUES ('262', '783', 'DJ', 'DJI', 'Djibouri(Yibuti)');
INSERT INTO `pais` VALUES ('266', '281', 'GA', 'GAB', 'Gabón');
INSERT INTO `pais` VALUES ('268', '287', 'GE', 'GEO', 'Georgia');
INSERT INTO `pais` VALUES ('270', '285', 'GM', 'GMB', 'Gambia');
INSERT INTO `pais` VALUES ('275', '897', 'PS', 'PSE', 'Autoridad Palestina');
INSERT INTO `pais` VALUES ('276', '023', 'DE', 'DEU', 'Alemania');
INSERT INTO `pais` VALUES ('28', '043', 'AG', 'ATG', 'Antigua y Barbuda');
INSERT INTO `pais` VALUES ('288', '289', 'GH', 'GHA', 'Ghana');
INSERT INTO `pais` VALUES ('292', '293', 'GI', 'GIB', 'Gibraltar');
INSERT INTO `pais` VALUES ('296', '411', 'KI', 'KIR', 'Kiribati');
INSERT INTO `pais` VALUES ('300', '301', 'GR', 'GRC', 'Grecia');
INSERT INTO `pais` VALUES ('304', '305', 'GL', 'GRL', 'Groenlandia');
INSERT INTO `pais` VALUES ('308', '297', 'GD', 'GRD', 'Granada');
INSERT INTO `pais` VALUES ('31', '074', 'AZ', 'AZE', 'Azerbaiyán');
INSERT INTO `pais` VALUES ('312', '309', 'GP', 'GLP', 'Guadalupe');
INSERT INTO `pais` VALUES ('316', '313', 'GU', 'GUM', 'Guam');
INSERT INTO `pais` VALUES ('32', '063', 'AR', 'ARG', 'Argentina');
INSERT INTO `pais` VALUES ('320', '317', 'GT', 'GTM', 'GUATEMALA');
INSERT INTO `pais` VALUES ('324', '329', 'GN', 'GIN', 'Guinea');
INSERT INTO `pais` VALUES ('328', '337', 'GY', 'GUY', 'Guayana');
INSERT INTO `pais` VALUES ('332', '341', 'HT', 'HTI', 'Haití');
INSERT INTO `pais` VALUES ('334', '', 'HM', 'HMD', 'Islas Heard y McDonald');
INSERT INTO `pais` VALUES ('336', '159', 'VA', 'VAT', 'Ciudad estado del Vaticano (Santa Sede)');
INSERT INTO `pais` VALUES ('340', '345', 'HN', 'HND', 'Honduras');
INSERT INTO `pais` VALUES ('344', '351', 'HK', 'HKG', 'Hong Kong, ZAE');
INSERT INTO `pais` VALUES ('348', '355', 'HU', 'HUN', 'Hungría');
INSERT INTO `pais` VALUES ('352', '379', 'IS', 'ISL', 'Islandia');
INSERT INTO `pais` VALUES ('356', '361', 'IN', 'IND', 'India');
INSERT INTO `pais` VALUES ('36', '069', 'AU', 'AUS', 'Australia');
INSERT INTO `pais` VALUES ('360', '365', 'ID', 'IDN', 'Indonesia');
INSERT INTO `pais` VALUES ('364', '372', 'IR', 'IRN', 'Irán');
INSERT INTO `pais` VALUES ('368', '369', 'IQ', 'IRQ', 'Irak');
INSERT INTO `pais` VALUES ('372', '375', 'IE', 'IRL', 'Irlanda');
INSERT INTO `pais` VALUES ('376', '383', 'IL', 'ISR', 'Israel');
INSERT INTO `pais` VALUES ('380', '386', 'IT', 'ITA', 'Italia');
INSERT INTO `pais` VALUES ('384', '193', 'CI', 'CIV', 'Costa del Marfíl');
INSERT INTO `pais` VALUES ('388', '391', 'JM', 'JAM', 'Jamaica');
INSERT INTO `pais` VALUES ('392', '399', 'JP', 'JPN', 'Japón');
INSERT INTO `pais` VALUES ('398', '406', 'KZ', 'KAZ', 'Kazajstán');
INSERT INTO `pais` VALUES ('4', '013', 'AF', 'AFG', 'Afganistán');
INSERT INTO `pais` VALUES ('40', '072', 'AT', 'AUT', 'Austria');
INSERT INTO `pais` VALUES ('400', '403', 'JO', 'JOR', 'Jordania');
INSERT INTO `pais` VALUES ('404', '410', 'KE', 'KEN', 'Kenia');
INSERT INTO `pais` VALUES ('408', '187', 'KP', 'PRK', 'Corea del Norte');
INSERT INTO `pais` VALUES ('410', '190', 'KR', 'KOR', 'Corea del Sur');
INSERT INTO `pais` VALUES ('414', '413', 'KW', 'KWT', 'Kuwait');
INSERT INTO `pais` VALUES ('417', '412', 'KG', 'KGZ', 'Kirguizistán');
INSERT INTO `pais` VALUES ('418', '420', 'LA', 'LAO', 'Laos');
INSERT INTO `pais` VALUES ('422', '431', 'LB', 'LBN', 'Líbano');
INSERT INTO `pais` VALUES ('426', '426', 'LS', 'LSO', 'Lesoto');
INSERT INTO `pais` VALUES ('428', '429', 'LV', 'LVA', 'Letonia');
INSERT INTO `pais` VALUES ('430', '434', 'LR', 'LBR', 'Liberia');
INSERT INTO `pais` VALUES ('434', '438', 'LY', 'LBY', 'Libia');
INSERT INTO `pais` VALUES ('438', '440', 'LI', 'LIE', 'Liechtenstein');
INSERT INTO `pais` VALUES ('44', '077', 'BS', 'BHS', 'Bahamas');
INSERT INTO `pais` VALUES ('440', '443', 'LT', 'LTU', 'Lituania');
INSERT INTO `pais` VALUES ('442', '445', 'LU', 'LUX', 'Luxemburgo');
INSERT INTO `pais` VALUES ('446', '447', 'MO', 'MAC', 'Macao, ZAE');
INSERT INTO `pais` VALUES ('450', '450', 'MG', 'MDG', 'Madagascar');
INSERT INTO `pais` VALUES ('454', '455', 'MW', 'MWI', 'Malaisia');
INSERT INTO `pais` VALUES ('458', '458', 'MY', 'MYS', 'Malawi');
INSERT INTO `pais` VALUES ('462', '461', 'MV', 'MDV', 'Maldivas');
INSERT INTO `pais` VALUES ('466', '464', 'ML', 'MLI', 'Malí');
INSERT INTO `pais` VALUES ('470', '467', 'MT', 'MLT', 'Malta');
INSERT INTO `pais` VALUES ('474', '477', 'MQ', 'MTQ', 'Martinica');
INSERT INTO `pais` VALUES ('478', '488', 'MR', 'MRT', 'Mauritania');
INSERT INTO `pais` VALUES ('48', '080', 'BH', 'BHR', 'Bahrein');
INSERT INTO `pais` VALUES ('480', '485', 'MU', 'MUS', 'Mauricio');
INSERT INTO `pais` VALUES ('484', '493', 'MX', 'MEX', 'México');
INSERT INTO `pais` VALUES ('492', '498', 'MC', 'MCO', 'Mónaco');
INSERT INTO `pais` VALUES ('496', '497', 'MN', 'MNG', 'Mongolia');
INSERT INTO `pais` VALUES ('498', '496', 'MD', 'MDA', 'Moldavia');
INSERT INTO `pais` VALUES ('499', '', 'ME', 'MNE', 'Montenegro');
INSERT INTO `pais` VALUES ('50', '081', 'BD', 'BGD', 'Bangladesh');
INSERT INTO `pais` VALUES ('500', '501', 'MS', 'MSR', 'Montserrat');
INSERT INTO `pais` VALUES ('504', '474', 'MA', 'MAR', 'Marruecos');
INSERT INTO `pais` VALUES ('508', '505', 'MZ', 'MOZ', 'Mozambique');
INSERT INTO `pais` VALUES ('51', '026', 'AM', 'ARM', 'Armenia');
INSERT INTO `pais` VALUES ('512', '556', 'OM', 'OMN', 'Omán');
INSERT INTO `pais` VALUES ('516', '507', 'NA', 'NAM', 'Namibia');
INSERT INTO `pais` VALUES ('52', '083', 'BB', 'BRB', 'Barbados');
INSERT INTO `pais` VALUES ('520', '508', 'NR', 'NRU', 'Nauru');
INSERT INTO `pais` VALUES ('524', '517', 'NP', 'NPL', 'Nepal');
INSERT INTO `pais` VALUES ('528', '573', 'NL', 'NLD', 'Países Bajos(Holanda)');
INSERT INTO `pais` VALUES ('530', '047', 'AN', 'ANT', 'Antillas holandesas');
INSERT INTO `pais` VALUES ('533', '027', 'AW', 'ABW', 'Aruba');
INSERT INTO `pais` VALUES ('540', '542', 'NC', 'NCL', 'Nueva Caledonia');
INSERT INTO `pais` VALUES ('548', '551', 'VU', 'VUT', 'Vanuatu');
INSERT INTO `pais` VALUES ('554', '548', 'NZ', 'NZL', 'Nueva Zelanda');
INSERT INTO `pais` VALUES ('558', '521', 'NI', 'NIC', 'Nicaragua');
INSERT INTO `pais` VALUES ('56', '087', 'BE', 'BEL', 'Bélgica');
INSERT INTO `pais` VALUES ('562', '525', 'NE', 'NER', 'Níger');
INSERT INTO `pais` VALUES ('566', '528', 'NG', 'NGA', 'Nigeria');
INSERT INTO `pais` VALUES ('570', '531', 'NU', 'NIU', 'Niue');
INSERT INTO `pais` VALUES ('574', '535', 'NF', 'NFK', 'Isla Norfolk');
INSERT INTO `pais` VALUES ('578', '538', 'NO', 'NOR', 'Noruega');
INSERT INTO `pais` VALUES ('580', '469', 'MP', 'MNP ', 'Islas Marianas del Norte');
INSERT INTO `pais` VALUES ('583', '494', 'FM', 'FSM', 'Micronesia');
INSERT INTO `pais` VALUES ('584', '472', 'MH', 'MHL', 'Islas Marshall');
INSERT INTO `pais` VALUES ('585', '578', 'PW', 'PLW', 'Palaos');
INSERT INTO `pais` VALUES ('586', '576', 'PK', 'PAK', 'Pakistán');
INSERT INTO `pais` VALUES ('591', '580', 'PA', 'PAN', 'Panamá');
INSERT INTO `pais` VALUES ('598', '545', 'PG', 'PNG', 'Papúa-Nueva Guinea');
INSERT INTO `pais` VALUES ('60', '090', 'BM', 'BMU', 'Bermudas');
INSERT INTO `pais` VALUES ('600', '586', 'PY', 'PRY', 'Paraguay');
INSERT INTO `pais` VALUES ('604', '589', 'PE', 'PER', 'Perú');
INSERT INTO `pais` VALUES ('608', '267', 'PH', 'PHL', 'Filipinas');
INSERT INTO `pais` VALUES ('612', '593', 'PN', 'PCN', 'Islas Pitcairn');
INSERT INTO `pais` VALUES ('616', '603', 'PL', 'POL', 'Polonia');
INSERT INTO `pais` VALUES ('620', '607', 'PT', 'PRT', 'Portugal');
INSERT INTO `pais` VALUES ('624', '334', 'GW', 'GNB', 'Guinea-Bissau');
INSERT INTO `pais` VALUES ('626', '788', 'TL', 'TLS', 'Timor Oriental');
INSERT INTO `pais` VALUES ('630', '611', 'PR', 'PRI', 'Puerto Rico');
INSERT INTO `pais` VALUES ('634', '618', 'QA', 'QAT', 'Qatar');
INSERT INTO `pais` VALUES ('638', '660', 'RE', 'REU', 'Reunión');
INSERT INTO `pais` VALUES ('64', '119', 'BT', 'BTN', 'Bhután');
INSERT INTO `pais` VALUES ('642', '670', 'RO', 'ROU', 'Rumania');
INSERT INTO `pais` VALUES ('643', '676', 'RU', 'RUS', 'Rusia');
INSERT INTO `pais` VALUES ('646', '675', 'RW', 'RWA', 'Ruanda');
INSERT INTO `pais` VALUES ('652', '', 'BL', 'BLM', 'San Bartolomé');
INSERT INTO `pais` VALUES ('654', '710', 'SH', 'SHN', 'Santa Elena');
INSERT INTO `pais` VALUES ('659', '695', 'KN', 'KNA', 'Saint Kitts y Nevis(San Cristobal y Nieves)');
INSERT INTO `pais` VALUES ('660', '041', 'AI', 'AIA', 'Anguila');
INSERT INTO `pais` VALUES ('662', '715', 'LC', 'LCA', 'Santa Lucía');
INSERT INTO `pais` VALUES ('663', '', 'MF', 'MAF ', 'San Martín');
INSERT INTO `pais` VALUES ('666', '700', 'PM', 'SPM', 'San Pedro y Miquelón');
INSERT INTO `pais` VALUES ('670', '705', 'VC', 'VCT', 'San Vicente y las Granadinas');
INSERT INTO `pais` VALUES ('674', '697', 'SM', 'SMR', 'San Marino');
INSERT INTO `pais` VALUES ('678', '720', 'ST', 'STP', 'Santo Tomé y Príncipe');
INSERT INTO `pais` VALUES ('68', '097', 'BO', 'BOL', 'Bolivia');
INSERT INTO `pais` VALUES ('682', '053', 'SA', 'SAU', 'Arabia Saudí');
INSERT INTO `pais` VALUES ('686', '728', 'SN', 'SEN', 'Senegal');
INSERT INTO `pais` VALUES ('688', '', 'RS', 'SRB', 'SERBIA');
INSERT INTO `pais` VALUES ('690', '731', 'SC', 'SYC', 'Seychelles');
INSERT INTO `pais` VALUES ('694', '735', 'SL', 'SLE', 'Sierra Leona');
INSERT INTO `pais` VALUES ('70', '029', 'BA', 'BIH', 'Bosnia y Herzegovina');
INSERT INTO `pais` VALUES ('702', '741', 'SG', 'SGP', 'Singapur');
INSERT INTO `pais` VALUES ('703', '246', 'SK', 'SVK', 'Eslovaquia');
INSERT INTO `pais` VALUES ('704', '855', 'VN', 'VNM', 'Vietnam');
INSERT INTO `pais` VALUES ('705', '247', 'SI', 'SVN', 'Eslovenia');
INSERT INTO `pais` VALUES ('706', '748', 'SO', 'SOM', 'Somalia');
INSERT INTO `pais` VALUES ('710', '756', 'ZA', 'ZAF', 'República de Sudáfrica');
INSERT INTO `pais` VALUES ('716', '665', 'ZW', 'ZWE', 'Zimbabue');
INSERT INTO `pais` VALUES ('72', '101', 'BW', 'BWA', 'Botsuana');
INSERT INTO `pais` VALUES ('724', '245', 'ES', 'ESP', 'España');
INSERT INTO `pais` VALUES ('732', '685', 'EH', 'ESH', 'Sáhara occidental');
INSERT INTO `pais` VALUES ('736', '759', 'SD', 'SDN', 'Sudán');
INSERT INTO `pais` VALUES ('74', '', 'BV', 'BVT', 'Isla Bouvet');
INSERT INTO `pais` VALUES ('740', '770', 'SR', 'SUR', 'Surinam');
INSERT INTO `pais` VALUES ('744', '', 'SJ', 'SJM', 'Islas Svalbard y Jan Mayen');
INSERT INTO `pais` VALUES ('748', '773', 'SZ', 'SWZ', 'Suazilandia');
INSERT INTO `pais` VALUES ('752', '764', 'SE', 'SWE', 'Suecia');
INSERT INTO `pais` VALUES ('756', '767', 'CH', 'CHE', 'Suiza');
INSERT INTO `pais` VALUES ('76', '105', 'BR', 'BRA', 'Brasil');
INSERT INTO `pais` VALUES ('760', '744', 'SY', 'SYR', 'Siria');
INSERT INTO `pais` VALUES ('762', '774', 'TJ', 'TJK', 'Tayikistán');
INSERT INTO `pais` VALUES ('764', '776', 'TH', 'THA', 'Tailandia');
INSERT INTO `pais` VALUES ('768', '800', 'TG', 'TGO', 'Togo');
INSERT INTO `pais` VALUES ('772', '805', 'TK', 'TKL', 'Tokelau');
INSERT INTO `pais` VALUES ('776', '810', 'TO', 'TON', 'Tonga');
INSERT INTO `pais` VALUES ('780', '815', 'TT', 'TTO', 'Trinidad y Tobago');
INSERT INTO `pais` VALUES ('784', '244', 'AE', 'ARE', 'Emiratos Árabes Unidos');
INSERT INTO `pais` VALUES ('788', '820', 'TN', 'TUN', 'Túnez');
INSERT INTO `pais` VALUES ('792', '827', 'TR', 'TUR', 'Turquía');
INSERT INTO `pais` VALUES ('795', '825', 'TM', 'TKM', 'Turkmenistán');
INSERT INTO `pais` VALUES ('796', '823', 'TC', 'TCA', 'Islas Turks y Caicos');
INSERT INTO `pais` VALUES ('798', '828', 'TV', 'TUV', 'Tuvalu');
INSERT INTO `pais` VALUES ('8', '017', 'AL', 'ALB', 'Albania');
INSERT INTO `pais` VALUES ('800', '833', 'UG', 'UGA', 'Uganda');
INSERT INTO `pais` VALUES ('804', '830', 'UA', 'UKR', 'Ucrania');
INSERT INTO `pais` VALUES ('807', '448', 'MK', 'MKD', 'Ex-República Yugoslava de Macedonia');
INSERT INTO `pais` VALUES ('818', '240', 'EG', 'EGY', 'Egipto');
INSERT INTO `pais` VALUES ('826', '628', 'GB', 'GBR', 'Reino Unido');
INSERT INTO `pais` VALUES ('831', '', 'GG', 'GGY', 'Guernsey');
INSERT INTO `pais` VALUES ('832', '', 'JE', 'JEY', 'Jersey');
INSERT INTO `pais` VALUES ('833', '', 'IM', 'IMN', 'Isla de Man');
INSERT INTO `pais` VALUES ('834', '780', 'TH', 'TZA', 'Tanzania');
INSERT INTO `pais` VALUES ('84', '088', 'BZ', 'BLZ', 'Belice');
INSERT INTO `pais` VALUES ('840', '249', 'US', 'USA', 'Estados Unidos');
INSERT INTO `pais` VALUES ('850', '866', 'VI', 'VIR', 'Islas Vírgenes, EE.UU.');
INSERT INTO `pais` VALUES ('854', '031', 'BF', 'BFA', 'Burkina Faso');
INSERT INTO `pais` VALUES ('858', '845', 'UY', 'URY', 'Uruguay');
INSERT INTO `pais` VALUES ('86', '787', 'IO', 'IOT', 'Territorio Británico del Océano Índico');
INSERT INTO `pais` VALUES ('860', '847', 'UZ', 'UZB', 'Uzbekistán');
INSERT INTO `pais` VALUES ('862', '850', 'VE', 'VEN', 'Venezuela');
INSERT INTO `pais` VALUES ('876', '875', 'WF', 'WLF', 'Islas Wallis y Futuna');
INSERT INTO `pais` VALUES ('882', '687', 'WS', 'WSM', 'Samoa');
INSERT INTO `pais` VALUES ('887', '880', 'YE', 'YEM', 'Yemen');
INSERT INTO `pais` VALUES ('894', '890', 'ZM', 'ZMB', 'Zambia');
INSERT INTO `pais` VALUES ('90', '677', 'SB', 'SLB', 'Islas Salomón');
INSERT INTO `pais` VALUES ('92', '863', 'VG', 'VGB', 'Islas Vírgenes Británicas');
INSERT INTO `pais` VALUES ('96', '108', 'BN', 'BRN', 'Brunei');

-- ----------------------------
-- Table structure for `prestamos`
-- ----------------------------
DROP TABLE IF EXISTS `prestamos`;
CREATE TABLE `prestamos` (
  `id` int(11) NOT NULL AUTO_INCREMENT,
  `salida` datetime DEFAULT NULL,
  `entrada` datetime DEFAULT NULL,
  `id_usuario` varchar(255) DEFAULT NULL,
  `id_actividad` int(11) DEFAULT NULL,
  `cantidad_personas` int(11) DEFAULT NULL,
  `condiciones` varchar(255) DEFAULT NULL,
  `novedades` varchar(255) DEFAULT NULL,
  PRIMARY KEY (`id`),
  KEY `id_usuario` (`id_usuario`),
  KEY `id_actividad` (`id_actividad`),
  CONSTRAINT `prestamos_ibfk_1` FOREIGN KEY (`id_usuario`) REFERENCES `usuarios` (`id`),
  CONSTRAINT `prestamos_ibfk_2` FOREIGN KEY (`id_actividad`) REFERENCES `actividades` (`id`)
) ENGINE=InnoDB DEFAULT CHARSET=latin1;

-- ----------------------------
-- Records of prestamos
-- ----------------------------

-- ----------------------------
-- Table structure for `salidas`
-- ----------------------------
DROP TABLE IF EXISTS `salidas`;
CREATE TABLE `salidas` (
  `id` int(11) NOT NULL AUTO_INCREMENT,
  `id_item` int(11) DEFAULT NULL,
  `fecha` datetime DEFAULT NULL,
  `id_usuario` varchar(255) DEFAULT NULL,
  PRIMARY KEY (`id`),
  KEY `id_item` (`id_item`),
  KEY `id_usuario` (`id_usuario`),
  CONSTRAINT `salidas_ibfk_1` FOREIGN KEY (`id_item`) REFERENCES `items` (`id`),
  CONSTRAINT `salidas_ibfk_2` FOREIGN KEY (`id_usuario`) REFERENCES `usuarios` (`id`)
) ENGINE=InnoDB DEFAULT CHARSET=latin1;

-- ----------------------------
-- Records of salidas
-- ----------------------------

-- ----------------------------
-- Table structure for `turnos`
-- ----------------------------
DROP TABLE IF EXISTS `turnos`;
CREATE TABLE `turnos` (
  `id` int(11) NOT NULL AUTO_INCREMENT,
  `id_usuario` varchar(255) DEFAULT NULL,
  `estado` int(11) DEFAULT NULL,
  PRIMARY KEY (`id`),
  KEY `id_usuario` (`id_usuario`),
  CONSTRAINT `turnos_ibfk_1` FOREIGN KEY (`id_usuario`) REFERENCES `usuarios` (`id`)
) ENGINE=InnoDB DEFAULT CHARSET=latin1;

-- ----------------------------
-- Records of turnos
-- ----------------------------

-- ----------------------------
-- Table structure for `usuarios`
-- ----------------------------
DROP TABLE IF EXISTS `usuarios`;
CREATE TABLE `usuarios` (
  `id` varchar(255) NOT NULL DEFAULT '',
  `tipo_doc` int(11) DEFAULT NULL,
  `nombres` varchar(255) DEFAULT NULL,
  `apellidos` varchar(255) DEFAULT NULL,
  `telefono` varchar(255) DEFAULT NULL,
  `direccion` varchar(255) DEFAULT NULL,
  `correo` varchar(255) NOT NULL,
  `contrasena` varchar(255) NOT NULL,
  `estado` int(11) NOT NULL DEFAULT '1',
  `id_empresa` varchar(255) DEFAULT NULL,
  `rol` int(11) DEFAULT NULL,
  PRIMARY KEY (`id`),
  UNIQUE KEY `correo` (`correo`),
  KEY `id_sucursal` (`id_empresa`),
  CONSTRAINT `usuarios_ibfk_1` FOREIGN KEY (`id_empresa`) REFERENCES `sucursal` (`id`),
  CONSTRAINT `usuarios_ibfk_2` FOREIGN KEY (`id_empresa`) REFERENCES `empresas` (`id`)
) ENGINE=InnoDB DEFAULT CHARSET=latin1;

-- ----------------------------
-- Records of usuarios
-- ----------------------------
INSERT INTO `usuarios` VALUES ('1100973106', '1', 'Carlos Fernando', 'Ardila Pardo', '3114698399', 'Cra 9 No. 7-04', 'cfardila@misena.edu.co', '$2y$10$VGWAwb2SQvK759oB3C0l6.tRUpXrv0EpKUga7y.zSmf0yIDuqfYyO', '1', null, null);
